"","num","train_All","testing_All"
"1",1,"TTAAGGCTTGTAAACATATAACATAAAAATGGCTTCCAAAA","TGCCCCTCCCTCCGGGTGGAACTTCCCCCTCACCGCCAGAC"
"2",2,"GGGTACAACGTCGGCATTAGACATTCCAGGTGACGCCCGTA","CCCCCGCCTCAGTTGTCTAAACTTCGGGCTCTCTTCCACCC"
"3",3,"CTAGCTAGGACTTCTCTCAAACTTGTGTGCTGAGGAGACTC","AAGTGGTGAGCTGCGACGTGACTGGCTAGCTGCGTGGGTAC"
"4",4,"GCGCGACACCGGGCTCCGGAACCACTGCACGACGGGGCTGG","AGACAGTGAAAGTGAAATGGACTGATTTGCACTCTTGGTTC"
"5",5,"GGGCTCCCAGCGCTATAAAAACTTTATAAACCCCCCGGAGC","CTTCGGCGGAGCCTGGGCTGACCAGCCAGGACAGCGGGGTA"
"6",6,"GCGCTATAAAAACTTTATAAACCCCCCGGAGCCCGAGCAGT","CTTTCCTCACATTTCCAGGAACTGAGTATCTACCAAGATCA"
"7",7,"GAGGCGAGAACGACCCCCGGACCGACCAAAGCCCGCGCGCC","ACGACTTCTCCCTTCTTTGAACTGGACCCCGCGAGCACCAG"
"8",8,"CACTTCGCATTTTGGCATTGACATTTAATTTTAGGGTCCTT","TTTAAATTCCCGGCTCGGGGACCTCCACGCACCGCGGCTAG"
"9",9,"TTTCCGGTAGGAATCAGTGGACTTGGCGGCAGAGGCAGTGC","AGCGAGGAGGCTATTTCCAGACACTTCCACCCCTCTCTGGC"
"10",10,"CGTAGGCACCAACTGCAAGGACCCCTCCCCCTGCGGGCGCT","CGCCGGCTTCTCCCGCAGTGACTTGAGAAGGGTCAGTGAAA"
"11",11,"GATCTCTGGCGGGGTGCAGAACTGAGCCCAGGCCACAGTAC","CCATCTTCGCGGTAGCTGGGACCGCCGTTCAGGTAAGAATG"
"12",12,"CAAGTCCTTCTTGATCCTGAACTGGGTTAGGTGCCGCTGTT","GCTTGCTGCTGTCTCTGGGAACTGGGTGCCAGCGCTGAGGG"
"13",13,"GAATCTAGAACCGTAGCCAGACATGGGACTGGAGGACGAGC","TCACATCTCTTACCATAAAAACTGCATTGAAATTGAAAATG"
"14",14,"TAGAACAGCCACAGCTGATGACAAAAAGCTTCAGAGTTCTC","CATTTTGGAGAGCCTAATAAACTGTTATTACAGTTTCTCTA"
"15",15,"TTGGAGGAGCTGTGGTTGTAACACTCTACAAGATGGGTTTT","GGACTCATTTATTGAGCAAGACTTATATTTATCTCTTCATT"
"16",16,"TGGCGCGGGCGGAGGCTAAAACACGGGGGTCCTGAGACTGA","GCCGAGGAGCTCAAGCCCGGACCAATCCCCACGTTCCGGGC"
"17",17,"TAAAACACGGGGGTCCTGAGACTGAGGAAAACGCGCCAAGT","GCCGCCGCGGAGCTTCCCGAACCTCTTCAGCCGCCCGGAGC"
"18",18,"AGATTTTCCTGGGGCCGGGGACCCGGCGGGCTCGGGGCAGG","TTTTCTCCACACAGGCAGGGACTGGCTGCCAACCCCTCCGG"
"19",19,"CCGGCGGGCTCGGGGCAGGGACTCACCTGTCGCACCCACAC","CACACACATTCCATTCCAAAACTGATTTTATAAAGACATTT"
"20",20,"GCCTAGGATGAATATCATGGACTTCAACGTGAAGAAGCTGG","CCCTTCCCCACCCTTCCAGAACACACACATTCCATTCCAAA"
"21",21,"GGCCCCCACTTTCTTCCCAAACTCATCCTAAATCTCTCACA","TGGGCGGCGGGAATCCGCGGACATCGGGTCGGGTCTAGGCT"
"22",22,"CCAGCTGGCAATTTTGAAAGACTGCCTTACTTTCCCCATCT","TCCGGAACAGTCGACGGCAGACTCCGGCCCGCTGAGCCACC"
"23",23,"TCTTTAAATATTAAAAAAAAACAAGATCCATGAGTGGGCAT","TTCTCCTGGGCTCTCCCCGAACTCTCCCGCGACCTCTGCGC"
"24",24,"GCCATCTTGGTCCTGCCCTGACAGATTCTCCTATCGGGGTC","AGCTCCTTTCACCCGCCGGAACCCCGGAGCCGGGGCCCGCT"
"25",25,"CGTAGCCGGGCTGGGCCAGAACAGCCCAAGATGGCCGACTT","ATGATAACATTTCCTCTCAAACCTTATCCCTTACTCTGCAT"
"26",26,"TCTGATTCTCCAGCGACAGGACCCGGCGCCGGGCACTGAGC","TTCAACAGTGTTTGGACGGAACAGATCCGGGGACTCTCTTC"
"27",27,"TCTACTCCGCCACCGGGAAAACAGAAAAAAAAAACTAATTT","TGGACGGAACAGATCCGGGGACTCTCTTCCAGCCTCCGACC"
"28",28,"CGGGAAAACAGAAAAAAAAAACTAATTTCCTTCCCAATATT","GCCAGGTGCCGAGAACTAGGACCTCGTCCCCTTCTCTATCC"
"29",29,"TTTCGCCCCCTTTTCCAAAGACCAACAAAGAGTCCTTCCCC","CCACTCTCCCTGCCCCTCGGACCCCATACTCTACCTCATCC"
"30",30,"CCAACTCAACCCCTTTTGGAACTATGTGTGGTGGTTGGGAC","CCCGCATCCCACCCTCCCGGACCTAAGAGCCTGGGTCCCCT"
"31",31,"TAATTTTTCCGTGATTACTGACTGGTTTAAACACGACCCCT","GAGGCTTTCTCTGGCTGGTAACCGCTACTCCCGGACACCAG"
"32",32,"CCCCTGTGGAAAGCGGTTAAACTTGTGGAGGGGGTGCGGGA","CTGAAGCCGAAACCAGCTAGACTTTCCTCCTTCCCGCCTGC"
"33",33,"TCATTTTTTCTGCTACCGTGACTAAGATGGAAGCGTTTTTG","CGGGCCTAGCCGTCCTTGGAACCCGATATTCGGGCTGGGCG"
"34",34,"TGGCGGCCATTTTGTTTTGGACACCGAGCAGGAGCTGGCGG","ACCTCACCTTTCAAACCTAAACTCGAGCCTACTGTTCACCG"
"35",35,"TTTCCCCCGTCTGCGAATGGACCACTGGAGGGGTTCAAAGG","GCTCCGGTGCTCCTTTCCTAACTCCACTGGCTGCGGCATCT"
"36",36,"CTAGAGTACGGAGCAGGCGGACTTTTCGGTTCCCCGCCCCG","GAGGTCTCAACTTCGGCTGGACTCTTAAATCCTGGGGTCAT"
"37",37,"GTTCCGGACGCTGCTTAGGAACCGGGGACTCAGGAGTGCCC","AGCCGAGCACTCTCGCCAGAACCTCTGGCTCGCGCGTGCCT"
"38",38,"ATTTCTGCCTTGCAAAGGAGACCGGACTGAAAAACCTAAAG","AGCGCCTGGATCAGCCCGTGACTCTTAACAGCGGCGGGCCT"
"39",39,"TGCCTTGCAAAGGAGACCGGACTGAAAAACCTAAAGCCAGC","GGATCAGCCCGTGACTCTTAACAGCGGCGGGCCTCAGACCC"
"40",40,"CTTGTTGAGTAGAAGTGCAGACTGATGCTTTAAGACTCAGG","GCAGAGCTCCCGGCCTCTGGACCGCGCGCGGCGCTCTGGGG"
"41",41,"GTGCAGACTGATGCTTTAAGACTCAGGGAGAGGTCTTTCCC","AGCTAGCGTCTGGCCTGAGAACCTCGGCGCTCCGGCGGCGC"
"42",42,"CCCCAGCAAGCACCCCAGAGACCTTGGAGATTTGTCTTGTT","GCGCCGAGCCGGGGCTGCGGACTTCGGCCTGCCCCTCACCT"
"43",43,"TATTCGAGAAGAGAGTGGGAACTCCTGGAATTTTAAGGGAT","CCCTCAGCCCGTCCCGCCGGACCCGCTTTCCTCAACTCTCC"
"44",44,"GATTTCTGTGTATTTCCAAAACTGACTTTTAACTACCGGCA","GCCGAGGCGTAGTGTGGGTGACTCCTCCGTTCCTTGGGTCC"
"45",45,"TCTGTGTATTTCCAAAACTGACTTTTAACTACCGGCAGCGT","CTCCCGAGCCGTTGCCACTGACAGCCGCGGGCGCTCCCATC"
"46",46,"AGGGTGTGCCCAGGGGGCGGACTTGTTTGCGCCTCCCGTTC","ACACCAAAATGCTGCAGTGAACATTCTTGCATGTACATGTT"
"47",47,"TGGTGAAACCGTAATGAAGAACACCCCTAAACTCCCATAAT","GTATGTGGGGCCGTGTGCAGACCCGCGTGTGGCGCAGGCAA"
"48",48,"TCTACTCCGCCACCGGGAAAACAGAAAAAAAAACTAATTTC","GGTGAGGGGGATGTGGCAGGACTATAAGGTAATGGTGGGGA"
"49",49,"CATATCTGGACCCAGAAGGGACTTCCCTGCTCGGCTGGCTC","TGAGAGGCTGTTTGACATAGACCAAAGAAGAAACTGGAAGA"
"50",50,"GCCATCTTGGGGCTGCTGGGACTCGCGTCGGTTGGCGACTC","CATCCCAGGAGAGAATGAGGACCCTGTCGGAATCATAAGGG"
"51",51,"TGGATATATTATAATGAGTGACACTTTGACAGCGGATGTCA","AAATTAGTATAAGTCATTAAACTAAAAAGATTTCTAAATGG"
"52",52,"AACTTATGTAAATTTCATGAACTATTATATCCGTTTTCCTC","TTTTCCTTCCCCTAGCTTTGACTTTTCTTATGGTCTGTGAG"
"53",53,"GGGATTGGATTGGAGCCAGGACCTCACTTCCTCCTCTGCCC","GTGAACTAACTTTACTTAAAACCGGGTTAAATGTTTGTTAC"
"54",54,"TTCGCTCACCTCCCTTTCTAACTCCGCTGCCGCCATGGCTC","CCGCACTGGCCTGGGAGCGGACCCCGGACTACACACGGCTT"
"55",55,"TTCCTCTCCTAGGCGACGAGACCCAGTGGCTAGGTAATGAT","AGTACTACAGAATGGCAGGGACAGTGAAAATGAGCATTCTT"
"56",56,"AGTCGGCGCGGGCGGCGCGGACAGTATCTGTGGGTACCCGG","TTGTATGAAATTTTTTTAAAACAATCTTTAAATCAAATTGA"
"57",57,"TCTCTTTGGGGCACCTCTGGACTCACTCCCCAGCATGAAGG","CCTTACTGTCTAGAAAGAGAACTAAGAATATTCAGTGGACC"
"58",58,"AGTGTGGTCAGGCGGCTCGGACTGAGCAGGTGGGTGCGGGG","TTTTTTTTTTCTTTTTTGAGACAGAGTCTCACTCTGTCGCC"
"59",59,"TTAATGTTTTCTGCTGTGAAACATTTCAAGATTTATTGATT","TACCAATCTTATAAAGAAGAACTAACACGAATTCTTCTCAA"
"60",60,"GAAGACTCCTGGACACCGAGACTGGCCTCAGAAATAGTTGG","TGTTAAAATATACAATTTTAACAATTAAAAATATTATTAAA"
"61",61,"ATTGCCTTGAAGACTCCTGGACACCGAGACTGGCCTCAGAA","TGTTAGTCTTAAGAGATTTGACTTAACAAGCTGCATCCTGT"
"62",62,"TAATTAACATTGCCTTGAAGACTCCTGGACACCGAGACTGG","AGGAATTTGTTCATATTTTAACTGATAGCTGTGTCTTCAGG"
"63",63,"GGTTCTATGTGCCATAATTAACATTGCCTTGAAGACTCCTG","TTGCCTGTCTGATTTGTATAACACGGTTGAAATGTATGATA"
"64",64,"GCAGTGAGAGACTTCGGCGGACATGGCTCCCAGCGTGCCAG","ACTATCAATACACTATAGTAACTACTCAGGTTGCTTGAATT"
"65",65,"CGAACTGGTGGCAGTGAGAGACTTCGGCGGACATGGCTCCC","TTTCTACTTTCTCATAGGAAACTAGTTCTGTGCTCTGATAC"
"66",66,"ATTTGGAGCTTCGCACCAGGACCGCGGAGAAGTGCAAAGTC","GGTGATTTGGAAGTACACTGACATGAGTATAGTCAACCTTA"
"67",67,"CCCGGCGGTTGTAATCTTAAACCGCCGGAGCCCGAGGCCTA","GTTTGTTAGGGTGCCAAAGGACAGGTTCACCATGGCTTCCA"
"68",68,"TAGCTATGACCTTGTTATGAACAGTATTTGCACTCGGTGCA","CTGAGGGTCCTGTGAGTTTAACCATTTCAAACAGTCTTTTT"
"69",69,"TTTGATCTATTACCTTGATGACATTATTTGTCCACACTTGA","AGTCTGGCCAAGATGGTGAAACCCCGTCTCTACTGAAAATA"
"70",70,"ATGAGATTTGTATTTTAAGGACTTTGTCATGTGGATGTTTT","TGTGAGATACCCAAGGGGAGACAGGAGGTAGGCCACTGAAA"
"71",71,"AGAAGAAATCCTCATTTTGGACCTATATTTCTCCTTGACTA","TAATATCAAAAATGCGTGGAACTTTTGCTGACAAAGAAAAG"
"72",72,"AGATTTTGGGAAGGAGCAGAACAAGTGAAACACAGAAAACT","TGACTCCTTCCAGAAAAAAAACTCAAATATTTTAAGTAGAT"
"73",73,"TGCTGAGCGGCGCTCGGCGAACTGTGTGGACCGTCTGCTGG","AGAAGACAGGAGGATCAGAAACACTGAAGTTTTAAGAAGTG"
"74",74,"AACCTCACGTGAAGTGACGGACTGTTCTATGACTGCAAAGA","AGTTTTCTCTTCATAGTTAGACTCTCTTAAAAAAGAAGCTC"
"75",75,"AACTTGTGCGCGCAGCCCAAACTAACCTCACGTGAAGTGAC","GCCTGCAAAGCAATTTACAAACTTACTATATAGTGCTTGCT"
"76",76,"TGTGCGCGCAGCCCAAACTAACCTCACGTGAAGTGACGGAC","TCCAGGCATTTGGAATGCAAACTATAATTGATCAAATACTA"
"77",77,"AGCCCTGTTGCGGCCCCGAAACTTGTGCGCGCAGCCCAAAC","TAGCGTTGGACTTTGAGTAGACACGGTCATGAGTAGACATG"
"78",78,"GTGCGTGCGCTCTTAGAGAAACTTTCCCTGTCAAAGGCTCC","CATTAGAGAAGTAAGCAGAAACACAGCAGCTGATGATGAAC"
"79",79,"TGCGGGAGGCATCTTAATTAACCCTGCGCTCCCTGGAGCGA","AGGCTGGTTTTGAACTCCTGACCTCAGGTGATCCGCCCACT"
"80",80,"CCCGTTTTCCTCCTGTGAAGACATAGCTGCGGGTGGCTGTG","ATTATTCAATCCATGAAAAGACACAGAGGAAATTTTAATGC"
"81",81,"GTCCTTCTAGGCAGCCAGAAACCTGCGGAAAATGGTAGCGA","TCTGCATTTTTTTTCTGATGACTCTCTGCATTTGAAAATGC"
"82",82,"GCCACCTGGAGTTTCTTCAGACTCCAGATTTCCCTGTCAAC","GAATTACATGAAAGTTAAAAACTTCAACACAATAACAGACA"
"83",83,"CGGACCCTGGGCCCCGTGGAACTCCAGCCTGCGCCACCACG","GAGTAGCTGGGATTACAGGGACCTGTCACCATGCCCGGCTA"
"84",84,"CTAGCTGCGTGGGTACTGGAACAAGCAAACGAGGCAGCGAG","AGGAGCCCAGACTGACTAAGACACCCTCCACAGAAGTAGTT"
"85",85,"AGCCTCGCTGGCCCGGCCAGACAAAGTGGTGAGCTGCGACG","TTATGTACAGTAAAATAAAAACAAATGGGGAAAAAAATCTG"
"86",86,"GTTAGAGTCCCAACTCTTGGACTCCATTTGCTATTCTCTTC","GTGACTATGTAAGGCAACTGACAGTTTTTAAAATTTGGTCA"
"87",87,"TTTCAAGGCTATGAGCACAGACAGCTCAGGTACCAGCAGCC","ATGCCATGTCTAAAATGTTAACCTATTGTTGGAAAACAGTA"
"88",88,"TTCTCCCCATATCTGTTTGGACATGAGCTGAGGGCACGGTC","TGCACATGGTAATCTAAGGGACAAAGAACTGGATAACTTCA"
"89",89,"TACAGACCTCCACATGTTGGACAGTAGGATTCAGCAGAGAA","TTTTTGCAATAAGCTGTTAAACAGGGCTGGATCTATGCTGG"
"90",90,"AGGGAGCAATTGAATTTCAAACACAAACAACTGCACGAGCG","ATAAAGCAGATTTTTCTAAAACAAGGGTGAAAATTTTATCA"
"91",91,"CAATTGAATTTCAAACACAAACAACTGCACGAGCGCGCACC",NA
"92",92,"TAAACGAAACCTGTAATAGGACTGGTGTTTGGGCGTCTCTC",NA
"93",93,"CTCCAAATAATATTGGTTGAACTAAGAAATTGGTAAACGAA",NA
"94",94,"AGTGACTGATAACATTATAAACTGGATCGGTCCCTGAGTTC",NA
"95",95,"CTGCTAGTAAGTGACTGATAACATTATAAACTGGATCGGTC",NA
"96",96,"ATCTGTACTGCTAGTAAGTGACTGATAACATTATAAACTGG",NA
"97",97,"GAAAAATATAACTAATTTAGACTAGAGCCCTATCTCTTCTT",NA
"98",98,"TGACGCATAAGAAAAATATAACTAATTTAGACTAGAGCCCT",NA
"99",99,"GCCAACAAAAGACCCATTGGACCTGTCAGCTCCTCTGTTTC",NA
"100",100,"AGTGCCAGCGCCAACAAAAGACCCATTGGACCTGTCAGCTC",NA
"101",101,"TAAAGTGCCAAGGCCTTAAGACTTGGGTACGTGTGTTACAA",NA
"102",102,"GACTCTGCCAGGTTTTTCTGACCCCTCTACATTGCTATAAA",NA
"103",103,"TTGGATCCACGATCAAGAGGACTCTGCCAGGTTTTTCTGAC",NA
"104",104,"CTGATTAATGTCCTCCCAAGACAGACTTCATTGGATCCACG",NA
"105",105,"AGCGTCGAGCCGACTAGGGAACCTCCTTCCCCGCCAGGATG",NA
"106",106,"ATCGCCGAGGCCGTGGGGGGACTCCTATCCATGGTGTTGAA",NA
"107",107,"CGGTCCTGTTTCGACAGCGAACATGTCGCGGCCTGTCAGGT",NA
"108",108,"AGTGTAGGCCGGCCGGCGAGACTGCACCTCCCAGCATGCCT",NA
"109",109,"GTGCCAAAGCTCGGTACTGGACACAACGAGGGACCTGGGTC",NA
"110",110,"GATGCCATCCTTCTCAAAAGACTTATTGACAGTGCCAAAGC",NA
"111",111,"GAGGCGGCGGCCGCCTGGGGACCAGCTCCGCGCCTCGGCCT",NA
"112",112,"GCGCTGCGCCGGAGCTTAGGACTCGGAAGCGGCCGGGCCGA",NA
"113",113,"TACTCTCGCCGGCCGCGCGAACCCGTTTGAGCTCGGTATCC",NA
"114",114,"GCGGCGCGCGGCTGCGCGGGACTCGGCCTTCTGGGCGCGCG",NA
"115",115,"ATTTCAGATCTGCTCGGTAGACCTGGTGCACCACCACCATG",NA
"116",116,"AATCTCTGCCCGCTCTGATAACAGTCCTTTTCCCTGGCGCT",NA
"117",117,"CGCCCTTACCTCCACGCGGGACCGCCCGCGCCAGTCAACTC",NA
"118",118,"GGGGGCTGAGGAAATACCGGACACGGTCACCCGTTGCCAGC",NA
"119",119,"GCGTACCGGCGGGCTTCGAAACCGCAGTCCTCCGGCGACCC",NA
"120",120,"CAGTCCTCCGGCGACCCCGAACTCCGCTCCGGAGCCTCAGC",NA
"121",121,"GGTCTAGTGAAGGCACGCTAACCAGGCACCTAAGGCATTTC",NA
"122",122,"CTAAGGCATTTCAAGTAGTGACTTCCCACATTTGGCTAGGA",NA
"123",123,"ATCTCACCCGCCACACCCGGACAGGCGGCTGGAGGAGGTCG",NA
"124",124,"CGGGAACTGCGCCGATTTGGACTTTTGGCACTTGGACCTAT",NA
"125",125,"TTTGGACTTTTGGCACTTGGACCTATGCTTTAAAAAGAAAA",NA
"126",126,"GCCGCGGCCAACTTCTCTGGACTGGACCAGAAGTTTCTAGC",NA
"127",127,"GGCCAACTTCTCTGGACTGGACCAGAAGTTTCTAGCCGGCC",NA
"128",128,"GTTGCAGGTTGAGAACAAAAACATGCACCTGGAGTTTCCCC",NA
"129",129,"ATTTCTGTTGCAGGTTGAGAACAAAAACATGCACCTGGAGT",NA
"130",130,"GATTGTGGGAAGGCAGCTGAACTCGGCGCCTGGAAAGATGG",NA
"131",131,"GTGGCAGCGGCGGCGGCAGGACTCCGGCACTATGAGCGGCT",NA
"132",132,"GCTGACGCTCCGCATTGCAGACTGCGGAGTCAGACGGCGCT",NA
"133",133,"CTGCTGGCGAGGCGCGTGGGACCTTACGCTGGTTCCCCTTC",NA
"134",134,"ACCGAGGTCGCACGCGTGAGACTTCTCCGCCGCCTCCGCCG",NA
"135",135,"TCCCCTGAGCAGCGCCTGGAACCTAACCCTTCCCACTCTGT",NA
"136",136,"CGGCGGTGGCGCCGGTCAGGACAAGGATAGCGGAACCGGGC",NA
"137",137,"TCTTAAGGTTCCGATCACAGACTGCGGAGTGGGTCAGGGGC",NA
"138",138,"CTCGCTGCTCGCCAGCCCAGACTCGGCCCTGGCAGTGGCGG",NA
"139",139,"CTGCCTCACGGCGATCCTGGACTGACGGTCACGACTGCCTA",NA
"140",140,"GGAGCAGGCGGAGTAAAGGGACTTGAGCGAGCCAGTTGCCG",NA
"141",141,"GCAGCCATTTTGGCTTCCTGACCTTGGGCTACGGCTGACCG",NA
"142",142,"TCGATTCAACGGGGTTCCGGACCGCGCTGCGCTATGGAGCA",NA
"143",143,"TCCCCCGGGAGCCAGTGAAAACTTTGTGAAGGGAGTGATTA",NA
"144",144,"CGGGAGGAACCGTTACGGGAACTGAAGTTGCGGGTGAGCGC",NA
"145",145,"GCCAGCCATTCCTGAGGAGGACTGCCGGTCGTTCGGACGTC",NA
"146",146,"GCCGGCGGATTCGGGAACTGACTGCTGTAGTTCAGAAGAGG",NA
"147",147,"GCGGGTCCTTCCGGCGGGTGACATTCAGCCGGCGGTTCGGG",NA
"148",148,"CCGGCGGTTCGGGGCGACGGACTCTCCATTCCAGAACCATG",NA
"149",149,"GACGGACTCTCCATTCCAGAACCATGGCCCAATTTGTCCGT",NA
"150",150,"AGCTAATGTTAGTATAAGTAACATGAAAACATTCTCCTCCG",NA
"151",151,"CTTCCTTCCAGGTTCTGTGGACAATCACAATGGGAATCCAA",NA
"152",152,"CGGGCGGTGGCGGCGGCGGGACCGGGATGGAAGGTTAAGTC",NA
"153",153,"TTCAACAGTGCTTGGACGGAACCCGGCGCTCGTTCCCCACC",NA
"154",154,"GGTCGCTCAGCAGTGACGTGACACGCAGCCCACGGTCTGTA",NA
"155",155,"GGTAACTCGGGATTTGAAGGACAGAGTCGCTATGTACCATC",NA
"156",156,"TAGCTTTGGGAAGCCAGAGGACACCCCTGGCTCCTGCCGAC",NA
"157",157,"ATTTATACTCCAACCCCAAGACACCAAGGTAAGAGAGGAAA",NA
"158",158,"TTATTACAGTTTCTCTACTGACTTTCAAAAGTTTTGAAGTT",NA
"159",159,"TGCCTGCATTGCAATAAAGGACTCATTTATTGAGCAAGACT",NA
"160",160,"CTGCTGCTTACCGTTCAGAGACTTACAGGTGCTTGCCTGCA",NA
"161",161,"CATACTGCTGAGGCCTCAGGACTGCTGCTCAGCTTGCCCGT",NA
"162",162,"GCGGAAACCGGTCTCATTGAACTCGCCTGCAGCTCTTGGGT",NA
"163",163,"AGCCGAGCCACATCGCTCAGACACCATGGGGAAGGTGAAGG",NA
"164",164,"GGTCACCAGGGCTGCTTTTAACTCTGGTAAAGTGGATATTG",NA
"165",165,"TTTCCATTTACCTCCGCTGAACCTAGAGCTTCAGACGCCCT",NA
"166",166,"ACCCGAGATCCCCGCCCCGAACCCCCCCTGCACACTCGGCC",NA
"167",167,"CTGTTGCTTGCTGGTCGCAGACTCCCTGACCCCTCCCTCAC",NA
"168",168,"CCCTCCCTCACCCCTCCCTAACCTCGGTGCCACCGGATTGC",NA
"169",169,"TGCAGCAGAAGAGAGAAAAGACAACGACGACCCTCAGCTCG",NA
"170",170,"TTTCACTACTTCTCCCCCGGACTCCTTGGTAGTCTGTTAGT",NA
"171",171,"TGGGAGCTCTACTGCCTGGAACACGGCATCCAGCCCGATGG",NA
"172",172,"CTTTATTCTGCAGAGTGGAGACTGCTGCACGGACTCTGGAA",NA
"173",173,"GAGTGGAGACTGCTGCACGGACTCTGGAACCATGAACATAT",NA
"174",174,"ACTGCTGCACGGACTCTGGAACCATGAACATATTTGATCGA",NA
"175",175,"TCAAAGTCCAGCTCCCCAGAACACTGCTCGACATGGACACC",NA
"176",176,"GGCTTGCTGGGAGACACATAACCTCGATTTTCTTCCGCCAT",NA
"177",177,"TCTCCTCGAGGATCGAGGGGACTCTGACCACAGCCTGTGGC",NA
"178",178,"GCCTGTGGCTGGGAAGGGAGACAGAGGCGGCGGCGGCTCAG",NA
"179",179,"ATTAAATAGCCGTAGACGGAACTTCGCCTTTCTCTCGGCCT",NA
"180",180,"ATTCCGTGTACAATCCATAGACATCTGACCTCGGCACTTAG",NA
"181",181,"GTACAATCCATAGACATCTGACCTCGGCACTTAGCATCATC",NA
"182",182,"ACTTAGCATCATCACAGCAAACTAACTGTAGCCTTTCTCTC",NA
"183",183,"AGCATCATCACAGCAAACTAACTGTAGCCTTTCTCTCTTTC",NA
"184",184,"AGACCAGAGTTGGTGGCTGGACCTCCTGCGACTTCCGAGTT",NA
"185",185,"GGGATTCACTTGTGTGCGGAACTCCTCGGAACCATGGTGAG",NA
"186",186,"TGTGTGCGGAACTCCTCGGAACCATGGTGAGCCTGACTCCC",NA
"187",187,"CCTTTCCCTTGCACCTGTTAACATCTTTAAGGCAGGAGCTG",NA
"188",188,"CTGGGGCCCTTCATTCTCGGACTTTCCCTCAGCCCTTCCAG",NA
"189",189,"TTACCAGGCACGCGCAGGAAACATGGCGGCGGCGGGTGTTG",NA
"190",190,"CACTTGATAAGCATCTTGAAACACCATGGCTGTAGCTGCAG",NA
"191",191,"TGGCGGCCATTTCTCTTGAAACTGCGGCTCGGGACCTGCGG",NA
"192",192,"TCTTGAAACTGCGGCTCGGGACCTGCGGTACCTGCTGTAGT",NA
"193",193,"GCTTGCGGTGTAGTGGGCGGACCGCGCGGCTGGAGGTGTGA",NA
"194",194,"CTGGAGGTGTGAGGATCCGAACCCAGGGGTGGGGGGTGGAG",NA
"195",195,"GGCTCCTGCGATCGAAGGGGACTTGAGACTCACCGGCCGCA",NA
"196",196,"GCGATCGAAGGGGACTTGAGACTCACCGGCCGCACGCCATG",NA
"197",197,"TCTAGCGTGACACGCCCTTGACTTGAGGACCATGAACCGCA",NA
"198",198,"GACACGCCCTTGACTTGAGGACCATGAACCGCAGCCGCCAG",NA
"199",199,"ACCTACCTCCCTCTGCAGGAACCCGGCGATATGGCTGCCGC",NA
"200",200,"TGCAGGAGGCAGAATGCCAAACTGACTCTTCAAGGGGCAAC",NA
"201",201,"GTCCTTTTTCTAGAAGTGAGACATACAAGATTACTCTACAA",NA
"202",202,"GAGAGCCCCTTGGAATGTTGACAACTCAGGATCTAAAACAA",NA
"203",203,"TTGACAACTCAGGATCTAAAACAAAGTTCTGTGTTAATGAG",NA
"204",204,"TGGGGTTCAAGATCACTGGGACCAGGCCGTGATCTCTATGC",NA
"205",205,"ATTTTCTCAGAATTCTCTGGACTGAGGCTCCAGTTCTGGCC",NA
"206",206,"GGTCGGAGAAGTGGCCTAAAACTTCGGCGTTGGGTGAAAGA",NA
"207",207,"ACGCTCGCGCCTTTCCCTTGACACGGCGGACGCCGGAGGAT",NA
"208",208,"TGTCGGGGACGGTAACCGGGACCCGGTGTCTGCTCCTGTCG",NA
"209",209,"TGGGTCAGGCGGTCGCCGGGACACCCCGTGTGTGGCAGGCG",NA
"210",210,"GGGTGTATGGGGCCGTAGGAACCGGCTCCGGGGCCCCGATA",NA
"211",211,"TCTTTACTTCCTATCAAGTAACATTGTTTTGAAAAATAGAG",NA
"212",212,"GAGGCCGAACTCGGGTTCTGACAAGATGGCCGGGCTGCCCC",NA
"213",213,"CTTATAGACCGGAAGCCGGGACCTTAATTCTCTTTCCCATC",NA
"214",214,"CTTCCCATGATTGCTTATAGACCGGAAGCCGGGACCTTAAT",NA
"215",215,"CGAGCTTCTCCTCGCGAGAGACTTAGTGCTCATGCTCGCTG",NA
"216",216,"TCAAGCGTAGGCCCCCGGGAACTCGAGCTGCCATGAGCCTC",NA
"217",217,"TAAGATCACGCTGACGTCGGACCCACGGCTGCCGTACAAAG",NA
"218",218,"TCCATGTCTGCAGAAAAGAGACTCCAAATCAGAAAAAGTGC",NA
"219",219,"CCACCCCTCCTTCCCTCTTGACCCCCTAGGTTTGATTGCCC",NA
"220",220,"GGTATACAATTACTCCACAGACAGAGCTGAGGGTTTTTTAC",NA
"221",221,"AAGCACCTTCCCTAAAGAAAACTTGGGTATACAATTACTCC",NA
"222",222,"AGAAAAATTGTCTCAATTTGACTAGAATATCAATGAACCAG",NA
"223",223,"TTTCCTACAAGAAGTTAGAGACTTAAGCAGTATTGGCATCG",NA
"224",224,"TGTCAAGATGGTTCTAGCAGACCTTGGAAGAAAAATAACAT",NA
"225",225,"TGGTTCCAGCGCCGGTTTTGACCGCCACATTACCATTTTTT",NA
"226",226,"GTTGGCTGAGGGGACCCGGGACACCTGAATGCCCCCGGCCC",NA
"227",227,"AGGCTCGGAGCCGGGCCCGGACCCCGGCGATTGCCGCCCGC",NA
"228",228,"CTTCCCGGAAGCGTTGGAGGACATTCCCTGTTGACTGCGTC",NA
"229",229,"TTCGCACATTTTCCCCATTGACTTTTCCCATCTCTGTTAAC",NA
"230",230,"GACTTTTCCCATCTCTGTTAACCCACGAGAATCTAATGACT",NA
"231",231,"TAACCCACGAGAATCTAATGACTGGCATCTGAGAACCCAGA",NA
"232",232,"CTAATGACTGGCATCTGAGAACCCAGAGCCTGGGACCTTAG",NA
"233",233,"CCTAGAGGAATATGAACATAACAGGAAGGTATCATTGGCTC",NA
"234",234,"TTACACAGAAACTAATTGAGACATTGAAACCCTTTGGGGTT",NA
"235",235,"CTTCGCCTCCGCCTCCTCGGACTCGGACTCGGGTTTATATC",NA
"236",236,"CTCCGCCTCCTCGGACTCGGACTCGGGTTTATATCGCGCCT",NA
"237",237,"AAAATTTTTTCATGTCAGAGACCGAGAACTCTTGCAGTCGT",NA
"238",238,"TTTCATGTCAGAGACCGAGAACTCTTGCAGTCGTTTATGTC",NA
"239",239,"TGTCATCCCTTCTTCTCCAGACAGAAGATACCAAAAAGTTG",NA
"240",240,"GTGAGAAACCTTACCATCAAACACGATGGCCAGCAACGTTA",NA
"241",241,"AGTTTTCGGCTTTGTGAGAAACCTTACCATCAAACACGATG",NA
"242",242,"GCAGAACCCGGGAGTAGGAGACTCAGAATCGAATCTCTTCT",NA
"243",243,"AGTCGGCTTCTCTACGCAGAACCCGGGAGTAGGAGACTCAG",NA
"244",244,"CATTTTGTGAAGAGACGAAGACTGAGCGGTTGTGGCCGCGT",NA
"245",245,"GCAACAAGAGGGGTCAAGTGACACAACCAGCTGACTCCCGT",NA
"246",246,"ACACTGACCTGATTACTGTGACAAAGTCTGATGGATAGACC",NA
"247",247,"TTTTCTTTCCTTAGGCGGTAACCAGCGTGAGCTCGCCCGCC",NA
"248",248,"GGCGGGCATTCCTGAAGCTGACAGCATTCGGGCCGAGATGT",NA
"249",249,"GCGCGACGTTCCAAAATCGAACCTCAGTGGCGGCGCTCGGA",NA
"250",250,"TGGCGGCGCTCGGAAGCGGAACTCTGCCGGGGCCGCGCCGG",NA
"251",251,"TGGAGTTAAGGGCTCCGTGGACATCTCAGGTCTTCAGGGTC",NA
"252",252,"TTGCCCCAAGCAGTGAGCTGACTGGAATGGTACCCCGGGAG",NA
"253",253,"TGAATAAGAGATCTGACCTGACCGGCCCAACTGTACAACTC",NA
"254",254,"TACTTCTGTCTTGAAGCCAGACAATCGACTTCAGCTCTCCC",NA
"255",255,"CCAGACAAGCCATCGACAAAACTTTGCAAAAGCAAAAACAA",NA
"256",256,"AAAACTTTGCAAAAGCAAAAACAAAAAAGGAAAAACTAACC",NA
"257",257,"GCAAAAACAAAAAAGGAAAAACTAACCAACCTCAACCAACC",NA
"258",258,"GGTCGGGCGGACCACTGCAGACTGAGCGGTGGACCGAATTG",NA
"259",259,"TCGGGTCCTTGTCCAGTGAAACACCCTCGGCTGGGAAGTCA",NA
"260",260,"AGATCGACCCCGCGCGCGTGACCCCACACCCACCCACTCAT",NA
"261",261,"TGCCCCCTCCCCACCCGCAGACATGTCCGAGTCCAAGAGCG",NA
"262",262,"TTTGCAGATCGAGCTGAAGGACTGCGCGGCTGGCTCTCCTC",NA
"263",263,"AGGCGTGAGGCCGCTCGTGGACTCCGGGCCTAGGCCCTCTC",NA
"264",264,"CCTGGCTCCCGCGTCACATGACCGGCTTTAAGCAACATGGC",NA
"265",265,"TACTGAGACGGGGAGGCGTGACAGGGCCCGGGTCCCTTCTC",NA
"266",266,"TCTGTTTCCTGTATCCAGGAACTTGCTACTACCAGCACCAT",NA
"267",267,"GGTTGCTATCGCTTCGCAGAACCTACTCAGGCAGCCAGCTG",NA
"268",268,"GAAGGGACAGTCGGCCGCAGACCGCGCTGGGTTGCCGCTGC",NA
"269",269,"TGTTTTCTTAGCTTTCTTGGACTCCGTACTGTTGGTGTAAC",NA
"270",270,"GGCCTGAAAGGGTACCGGTGACCGCTACTGCTGCCGGTGTT",NA
"271",271,"GGCCCGGGGCGACTGAGCGGACAAACGGAAGTGTAGGTTAC",NA
"272",272,"TGCTCTCTTCCGGTCGCGGGACACCGGGTGTAGAGGGCGGT",NA
"273",273,"GTGTCGAGCCTGGAGCCAGAACCTGTGAAGAGCGGAAGGGC",NA
"274",274,"TAACGCCGGGTCCTCTAGGAACCTCGGGCCGGGCAGCACCC",NA
"275",275,"GTCGCGAGTGTGGAGTCGGGACTGGAGCTGCTGCCGCGGCG",NA
"276",276,"CCCCCTTTGGACACTCTATGACCCTGGACCCTCGGGGGACC",NA
"277",277,"CCCGTGGGAGCCCCCTTTGGACACTCTATGACCCTGGACCC",NA
"278",278,"CGAATTGGTTTCTAACGAGAACTTTTAAAATGATCCGTTCC",NA
"279",279,"GCGTTGGGGCAGCTCCTGTGACAGACGGAGCTGGAGCGGCG",NA
"280",280,"ACCGCGAGCGCCGAGCTTGGACTCGAGCCCCGGAACGGCTG",NA
"281",281,"CATTTTCCCCTGTGTGGAAGACACTTAGTGGCATATTTAAA",NA
"282",282,"TTTGATTTCCCAAAGGAGGGACATACCACTATATCAGATAA",NA
"283",283,"GTCGGCGCCTGCGTACTAAGACCCGTGTGCAGCAGCGGCGG",NA
"284",284,"TGAGACGGCTGCGCCTAAAGACAGCAGGAGTGGCGGGGCCG",NA
"285",285,"GTTGTCGCCACCGTTGCATGACCCGCCGCTCCTGAGGCCCT",NA
"286",286,"CGTGGGAACGAGCATTGGAGACCCTTTTCACAAGATGGCGC",NA
"287",287,"AAACAGTCTCCTTCCACAAAACCATGGCGTCGCTCAAATGT",NA
"288",288,"ACCAGCACTGCTCACTTAGGACTTTCTGGATCCGGACCCAG",NA
"289",289,"TTAGGACTTTCTGGATCCGGACCCAGGCAGCGCACACTGGA",NA
"290",290,"TCCCGGCGGCCTTTGCGGGAACAAGATGGCAGCCCCCATAC",NA
"291",291,"CGCAACTCCACTGCCGAGGAACTCTCATTTCTTCCCTCGCT",NA
"292",292,"GGCTGGGTTTCACGCACTGGACTTACCCTCATCACCTTGCT",NA
"293",293,"ACCCATTTTTTTCCTTAAGGACTTACTAGCCAAAATTTCTT",NA
"294",294,"TACTAGCCAAAATTTCTTAAACTTCGAGGACTCTACTAGCC",NA
"295",295,"AAATTTCTTAAACTTCGAGGACTCTACTAGCCATGGCCGAG",NA
"296",296,"AGCTGGTCTACAAATCAAGAACTCTTTGACATCTAAAGATC",NA
"297",297,"TACAAATCAAGAACTCTTTGACATCTAAAGATCCAGATATC",NA
"298",298,"TCTTTTGGAAGATTTTAAAAACCAAAAAGCATAAACATTCT",NA
"299",299,"TTAAAAACCAAAAAGCATAAACATTCTGGTCCTTCAGCAAT",NA
"300",300,"CGTGCGTGCAAGTGCTGCGAACCACGTGGGTCCCGGGCGCG",NA
"301",301,"CGGCTGCAGCCGGAGTTCAAACCTAAGCAGCTGGAAGGGTA",NA
"302",302,"CCCTCCTCTCCTCCCTTCGGACCCATAGATCTCAGGCTCGG",NA
"303",303,"TTTGAGCTGAGTCGAGGTGGACCCTTTGAACGCAGTCGCCC",NA
"304",304,"CTTTCTCCCTTTGTCTCATAACCATGTCCACCAACGAGAAT",NA
"305",305,"TCGAGCGCTTGCTGCCAAGGACTCCCCCACCCCCTCCCCCA",NA
"306",306,"AGAGGCTGAGAGAGTCGGAGACACTATCCGCTTCCATCCGT",NA
"307",307,"CGGTCCCCAGCGGCTAAAGGACCCCCGAGCTCGGGGAGGGG",NA
"308",308,"GCGTGCTTTCCACGACGGTGACACGCTTCCCTGGATTGGGT",NA
"309",309,"GGAGAGTAGCAGTGCCTTGGACCCCAGGTGAGCTGGCCTCC",NA
"310",310,"TCTCGCGAGATCTTTGGTAAACTTACAGAACCGGAAGCAGC",NA
"311",311,"CTGGGAACCTGGAAGTAGAGACTCCTTTCTGCCATCCATCC",NA
"312",312,"GAACATAGCGATCACTGGGAACCTGGAAGTAGAGACTCCTT",NA
"313",313,"CCCACCCGCACGCTCTCTGGACCACTACAGCTGGACGGGCA",NA
"314",314,"AGAGGGTCCAGCAGAAGGAAACATGGCTGCCAAAGTGTTTG",NA
"315",315,"GGTGGGGGGCCGCTGAACTGACAAGCGACATTTCAGCTCCT",NA
"316",316,"GGTCTGTGAGGAACTCGCGAACTTGGATTAGGAAATCCCGG",NA
"317",317,"CCGAACCGGGTCTGTGAGGAACTCGCGAACTTGGATTAGGA",NA
"318",318,"AGGAGCGGAATCTGTCCCGAACCGGGTCTGTGAGGAACTCG",NA
"319",319,"GTGAAGCGGCAGCTGAGGAGACTCCGGCGCTCGCCATGGCC",NA
"320",320,"CGCGCTGTGCTCTTCCGCGGACTCTGAATCATGGCGACCAC",NA
"321",321,"TTTTTTTAATCCAGAATTAAACAACCACCATGTCGAGCAAA",NA
"322",322,"GGCGCGGCTGGGGAAGGTGAACAGTGTGGCCCGCCATGTTC",NA
"323",323,"AAACAGGAAGTGGGACCAAAACAAAGGAGCGGCGGCCGGGA",NA
"324",324,"GGAGCGGCGGCCGGGAGCGGACTTACCTTACCTTCTCTGCC",NA
"325",325,"TCTTTGATATCATTTCCTAGACTCTACTCCATGATTTAACT",NA
"326",326,"TGGCATCTCCGCGCGTCCGGACACCCGATCCCAGCATCCCT",NA
"327",327,"GAAACTGACGTTTTTGCCTAACACCCCATGTAATGTAAACG",NA
"328",328,"GTGACACTGTTTGATCTGTGACTGTTTGGAAGGTGGAGCAG",NA
"329",329,"GGATGGGCGGCCCGGAGAAGACTGCGCTCGGCCGTGTTCAT",NA
"330",330,"GGAGGTTTTCCTGGTTTCGGACCCCAGCGGCCGGATGGTGA",NA
"331",331,"CTGGATTATCCTCGCCAAGGACTTTGCAATATATTTTTCCG",NA
"332",332,"ACGTGACTCCTCTCCGCCAGACCGCCGCCGCGCCGCCATCA",NA
"333",333,"GCTTCCGGTTCCTAGCGTTAACTGCGACCGGGGTTCAGCGC",NA
"334",334,"CTTCTCGCCATTGCAGTTGGACCCAGCAGCCCGGCGCGCAC",NA
"335",335,"CGCGTGGCTTTTGGGGGCAGACCCCGGCGGGCTGTGGCAGG",NA
"336",336,"ATAGAGTTGAAGTATTGATAACACCAAGGAACTCTATCACA",NA
"337",337,"GCTTTCTTTCTGCAGCAGGAACCGCGGCTGCTGGACAAGAG",NA
"338",338,"GCAGGAACCGCGGCTGCTGGACAAGAGGGGTGCGGTGGATA",NA
"339",339,"GAGGGGTGCGGTGGATACTGACCTTTGCTCCGGCCTCGTGT",NA
"340",340,"CCTCTTCCGCTGCGTGCCGGACCATGGCGCAGGGGCAGCGC",NA
"341",341,"CCTTCCTCCTGCAGACGCAAACATGCAGATCTTTGTGAAGA",NA
"342",342,"TTTGAAGTTTTCAGTTTGAAACACAACCTGGACTGAAATCA",NA
"343",343,"CAGTTTGAAACACAACCTGGACTGAAATCATGAGGGAGGTT",NA
"344",344,"TAGGAAAGAATCATCAAGGGACTTAGTTGGGAGCTTCTCTA",NA
"345",345,"AATTTACTGAATGTGGGGGAACTGTTACTCATATGTTGCAT",NA
"346",346,"TGTGCTTCTAAGGAGTATTGACAAGCCCTTAGCTAGATGAC",NA
"347",347,"GACAAGCCCTTAGCTAGATGACAATCTCATTGAGAAGCAGA",NA
"348",348,"CTTGAGCAGCCGACGTTGGGACAAAGGATTTGGAGAAACCC",NA
"349",349,"CACGTTTTTCCTCCTTTAAGACTTACCTCAACACTTCACTC",NA
"350",350,"CTCCGCTTGCAACCTCCGGGACCATCTTCTCGGCCATCTCC",NA
"351",351,"GGCCATCTCCTGCTTCTGGGACCTGCCAGCACCGTTTTTGT",NA
"352",352,"CCTGCGTAATCGATAAGGAAACCCGGACGCTGCTGCCCCTT",NA
"353",353,"ACAGCGCTGGCCGCAGTCTGACAGGAAAGGGACGGAGCCAA",NA
"354",354,"CGCGTGGTCTACGCCGAGTGACAGAGACGCTCAGGCTGTGT",NA
"355",355,"TGATCGAGGCGACATTTAGGACTGGGGTGGGCGAGGGAGTG",NA
"356",356,"CTTTCTCTGTGAAAAGACAGACTGAGGGAAAATTTAGGAAA",NA
"357",357,"ACTACGATGACCCGCACAAAACCCCTGCCTCCCCAGTTGTC",NA
"358",358,"TTCTCAGGAGAACTACGATGACCCGCACAAAACCCCTGCCT",NA
"359",359,"TCCACGTGCGAAAGCCCCGGACTCGTGGAGTTGTGAACGCC",NA
"360",360,"CTCTACCCCTCACGACGCAGACATGGCAGCGCAGAAGGACC",NA
"361",361,"AAGGAACTTCAGTGCTGTGAACTCACAACTCTAAGGAGCCC",NA
"362",362,"CAGCTTCCAAGAGCCAAGGAACTTCAGTGCTGTGAACTCAC",NA
"363",363,"GCCCAGCCTGGGGAATTTAAACACTCCAGCTTCCAAGAGCC",NA
"364",364,"TCCGAACTCCCAGCTTTCGGACATCTGGCACACGGGGCAGA",NA
"365",365,"AAGGAACCCGGGCGCTCCGAACTCCCAGCTTTCGGACATCT",NA
"366",366,"CCAGCTCCTAGGGCCAAGGAACCCGGGCGCTCCGAACTCCC",NA
"367",367,"CCCACGTCCCACCCAGAGAAACTCTCGTATTCCCAGCTCCT",NA
"368",368,"CAGCCCAGCTACCCGTTCAGACCAGCAGCCTCGGGGGGCAC",NA
"369",369,"GGAGCAGCGGCGGCTTGAGGACCCGGGGAGGTGAGATCCGC",NA
"370",370,"AGTTTCCGCTCGGGAGAGAGACTGTCCTCACGCCCGCTGCG",NA
"371",371,"AGTTGGCCGTAGTGAGAGGGACCGATCCCTTGGGGCCGCCG",NA
"372",372,"GGGTGGTCGCCACCAAGAAGACTTTGGTGGGGTAGTCTCGG",NA
"373",373,"TCAGTTCCGCGGTAGAGGTGACCTGACTCTCTGAGGCTCAT",NA
"374",374,"CCCCCCGCCAGCCGCCAAAGACTTGACCACGTAACGAGCCC",NA
"375",375,"CGCCAGCCGCCAAAGACTTGACCACGTAACGAGCCCAACTC",NA
"376",376,"TGCACTTTGCTCAGATTAAGACTCAGTTGGCGCTTCAGCAG",NA
"377",377,"TGATTGCTGAGGCTGTAAGAACTACCCTGGGTCCCCGTGGC",NA
"378",378,"GATCTCGGGCTCGGAACGAGACTGCACGGTGAGTGCGGCGC",NA
"379",379,"TCTTCTTCTCGGCCGCTGAAACCCCCGCGGCTGCTTCCTGG",NA
"380",380,"CTGAGCCAAAGAAACCCCAGACAACAGATGCCCATACGCAG",NA
"381",381,"GAAGTAACGTCAGCCTGAGAACTGAGTAGCTGTACTGTGTG",NA
"382",382,"TCACGTGTCGCCAGGGCCGGACTGCGAGTCTCTTTGCGGCG",NA
"383",383,"TAGTTCCGGTCGCAGAGGAGACACCGCCGCAGTTGCCGGTA",NA
"384",384,"GTCCTTCCCGGCAGTCGGGAACTAGTTCTGACCCTCGCCCC",NA
"385",385,"CGGGAGCCGTGGAGGTACGAACTTAAGACATGCCTATTTTA",NA
"386",386,"CTCTTCCTTTCTGGGCTCGGACCTAGGTCGCGGCGACATGG",NA
"387",387,"CGCCTCCTCCGCCGCCGCGGACTCCGGCAGCTTTATCGCCA",NA
"388",388,"TGGGCACTTGTCTCCTTCTAACAAACGGCCTTCCCCCCACT",NA
"389",389,"GCCGCGGCACTCCCACGCGGACCCCGAAGTCCGCAACCCGG",NA
"390",390,"GGAACATCAAGAAATCATGAACAACTTTGGTAATGAAGAGT",NA
"391",391,"TTTTGTTGCATTTCAGAGGAACATCAAGAAATCATGAACAA",NA
"392",392,"GACGGCGCTATTCCGCTGTAACAGCTTCCGGCGGGTCCTGG",NA
"393",393,"TGGCGTCGGAGCCGAGCCGGACTGGTCAGGTCAGAGGCACG",NA
"394",394,"ACTGGTATCCGGGGACTGTGACTTGCAGGGTCCGCCATGGA",NA
"395",395,"TCCAAGACTGGTATCCGGGGACTGTGACTTGCAGGGTCCGC",NA
"396",396,"GTGTCCTATCAAATTAGTAAACCAAAGGAAAAGTACTGAAT",NA
"397",397,"TTCCTCGTAGTGCCGCCGGGACTCTTGGCGGGTGAAGGTGT",NA
"398",398,"AAGATGGTGATGGAACTATAACAACAAAGGAATTGGGAACT",NA
"399",399,"TTGACAAAGATGGTGATGGAACTATAACAACAAAGGAATTG",NA
"400",400,"AGAAGCTTTTTCACTATTTGACAAAGATGGTGATGGAACTA",NA
"401",401,"TGTGTGGTCGCGTCTCGGAAACCGGTAGCGCTTGCAGCATG",NA
"402",402,"GGCTGAATCTTTGGGACTTGACCCCGTTCCCTCCCCCTTCC",NA
"403",403,"GCGTCTCCCCGGCCGTGTGGACTCTACACCCCCTACTCCTG",NA
"404",404,"TTTTGGTAGGGGGGAGTCGGACTGCAACTGGCAGCAGAGCG",NA
"405",405,"TCCTTCCCGAGCCAACCCAGACACAGCGGAGTTTGCCATGC",NA
"406",406,"CGACTCTCCCCTCAGAGGAGACTCTTCCTCAGCGGTGGCTG",NA
"407",407,"TCCTATTTATATCATTTTAGACACTTAAGTGAGCTGCTGAA",NA
"408",408,"CTACGAGTCCATACTTTAAAACAAAATGAAGAAAGTAAGGC",NA
"409",409,"CCGTCTGTGTGTTCGAGTGGACAAAATGGCGAAGATCGCCA",NA
"410",410,"ATTTTTGAGCTCGCTGTAAGACTGAGAAATCACGTAGTCCT",NA
"411",411,"TCCTGAAGAATTTAACACAAACATGGATATCAGACCAAATC",NA
"412",412,"GGCAGGCAGAGGTGGAGGAGACACTGAAGCGACTGCAGAGC",NA
"413",413,"GCGCGCCATTGTGTGGCTGGACTCGGCCGCCCCTGTGGTGT",NA
"414",414,"GCGCCAGAGCAGGTTCGCAAACTCCTCAGACCCTTCTGCTC",NA
"415",415,"CAGGTTCGCAAACTCCTCAGACCCTTCTGCTCCCGGCCGCC",NA
"416",416,"TCTGTGAGGACTGTATTCTGACTGCCAAAGAGATCAATACT",NA
"417",417,"GCCTGGTCAAATCTGTGAGGACTGTATTCTGACTGCCAAAG",NA
"418",418,"TCTAATCAAGCACCATATAAACAAGAAATTGCCTGGTCAAA",NA
"419",419,"CTGAGGCTCCTGAAGCCGAAACCAGCTAGACTTTCCTCCTT",NA
"420",420,"CGAAGGCCGGAAGGGATAAAACCGCAGTCGCCGGCCTCGCG",NA
"421",421,"GCCTGGGGCTGACCCGTCTGACTTCCCGTCCGTGCCGAGCC",NA
"422",422,"CGCCCAGTTCCTGTTCCCAGACTGAGGCCCAGCCCCCTTCG",NA
"423",423,"GGACGGAAGTGGAAACGGAAACCTTTTTAGGGAGTCCAAGG",NA
"424",424,"CAGCAGCAATCTCTTCCCGAACACGAGCACCACAGGCGCCC",NA
"425",425,"CACCAGCCCCTTAGGTGAGGACTCTGCCTGGGGCTCTGCTG",NA
"426",426,"GTGAGCGCTGCATCCAATTAACCATGGGAAGGGTCAGCACC",NA
"427",427,"TGTCCCCTGGCGCTACCCGGACATCTCTCAGGGTGCCGGCA",NA
"428",428,"TTTCCGTTGCAGTCCTCGGAACCAGGACCTCGGCGTGGCCT",NA
"429",429,"TTGCAGTCCTCGGAACCAGGACCTCGGCGTGGCCTAGCGAG",NA
"430",430,"AGTTCACGTATGGTTTACAGACTTGGCTGGGGTTACTAAAA",NA
"431",431,"TGCGCGCCCACGACCGCCAGACTCGAGCAGTCTCTGGAACA",NA
"432",432,"AGACTCGAGCAGTCTCTGGAACACGCTGCGGGGCTCCCGGG",NA
"433",433,"TTGGAATTTCTGCTTTACAGACAGAACAATGGCAGCCCGAG",NA
"434",434,"ATTTCTGCTTTACAGACAGAACAATGGCAGCCCGAGTACTT",NA
"435",435,"TGGAGCATGTCGTCATGGAGACAGGTGCTCTCGGTTGCACA",NA
"436",436,"TGTTGCTGTGGCTATTGGGAACAAGCTGGGCAAAAGCACCC",NA
"437",437,"TTAGGCCCGCCATTCGCTTGACTCACGCCTTCGCCGTAGCA",NA
"438",438,"GTTGTCTCTCTCATTGTAGAACTCTCTTCCTGCCAAGATGT",NA
"439",439,"GGCGCGGTGGCGCGAGTTGGACTGTGAAGAAACATGGCGGC",NA
"440",440,"GCGAGTTGGACTGTGAAGAAACATGGCGGCCGCGACGTTGA",NA
"441",441,"CCGATTTACAATTACATTGAACTACAAGGATCCCCTCACTG",NA
"442",442,"GGTGCTTTCTCTGCGCTTGAACATCTATAGCTGCTTCTGAG",NA
"443",443,"CTGGGAGAGACGAGCCATGAACCCCCCACAGCCTCTGCATT",NA
"444",444,"GGTGGGAGTCATATTACAAAACCGAGGGCGATGAAGAAGCA",NA
"445",445,"CACCAACTACATCACCCGGAACAAAGCCCGGAAGAAGCTCC",NA
"446",446,"CCCGGTTTGAGCGTAGCCAAACCTGCCCACCGGCTTTGTAG",NA
"447",447,"TCTGGAACCTAAAACAAAAAACATGAGTTGTGTGCCATGGA",NA
"448",448,"AGCCATCTCTGGAACCTAAAACAAAAAACATGAGTTGTGTG",NA
"449",449,"GGAAGGGTGGGGAAACGGAAACAAGGTCTTACATTTTATGT",NA
"450",450,"CAGGATTCCTCATGTCCATAACATGTTGGATGAGGCTCTGC",NA
"451",451,"TGAAGAGTCTGAAATTAGGGACTTATTTCAAATTTGGACAT",NA
"452",452,"GGGACTTATTTCAAATTTGGACATGGCTAGTCGAGGCGCAA",NA
"453",453,"AGCATTTACTTGGAAGGAGAACTTGGGATCTTTCTGGGAAC",NA
"454",454,"CGGCGGAGGAGGAGAGCTAGACCCGCCGCCGGGGCACAACA",NA
"455",455,"CTCGCCACTACAGCCTCCTGACAAGGTGATCCGGGCGGGCC",NA
"456",456,"GCAACGAGCGTTTCGTTTGGACTTCTCGACTTGAGTGCCCG",NA
"457",457,"CGAAGAACGCAAAGCTGAGAACATGGACGTTAATATCGCCC",NA
"458",458,"CCTGTGTCGTATTTCCAAGGACTCCAAAGCGAGGCCGGGGA",NA
"459",459,"ACTCCAAAGCGAGGCCGGGGACTGAAGGTGTGGGTGTCGAG",NA
"460",460,"GAGAGTTCCCTGGAACCAGAACTTGGACCTTCTCGCTTCTG",NA
"461",461,"GAGAGTTGTGGAGACTAGTGACTGGGAGAAGTCGCAGCCCG",NA
"462",462,"GGCCTCAGACCCCAGCGCAGACTCGGACTTTGTCTTTGGGG",NA
"463",463,"AGACCCCAGCGCAGACTCGGACTTTGTCTTTGGGGGCCCGT",NA
"464",464,"TTTTCTCGATTTTGCTCTAAACTGCTGCATCTGTCTATGCC",NA
"465",465,"GCTGCATCTGTCTATGCCAAACTAATCAATACCGATTGCAC",NA
"466",466,"AATACCGATTGCACCACCAAACTCCATTGCAAATTCAGCTG",NA
"467",467,"GCGCCATTTTCGAGTGAAGGACCCGGAGCCGAAACACCGGT",NA
"468",468,"GTGAAGGACCCGGAGCCGAAACACCGGTAGGAGCGGGGAGG",NA
"469",469,"TGGCACAAGGAATGGCATAAACTTTTCATGTGTTTTGGTTA",NA
"470",470,"TTTCATGTGTTTTGGTTAAAACAAACCAGACCATTGCATTG",NA
"471",471,"AATAGAAATGCTAATCTCAGACTTAATTATTTAACAGAAGA",NA
"472",472,"GACGAGCAGGGGGCGGGCGGACATCTTGGGATCCGGAGAGT",NA
"473",473,"CAGGCCCTCGGATGCCCAGAACCTGTAGGCCGCACCGTGGA",NA
"474",474,"ACCTGTAGGCCGCACCGTGGACTTGTTCTTAATCGAGGGGG",NA
"475",475,"ATCTATGGACTCTAAAATGGACTTCATTTAAAGAAACCCAC",NA
"476",476,"TAAGGCCTGCTGGGAACGGGACTTCTAAAAGGAACTATGTC",NA
"477",477,"GAACGGGACTTCTAAAAGGAACTATGTCTGGAAGGTACGCG",NA
"478",478,"CTGCGGCGCGGTCCTCGGAGACACGCGGCGGTGTCCTGTGT",NA
"479",479,"CTGTCGCCCCAAAATGGCGGACACAATGAGCCGGCGACGCG",NA
"480",480,"AAAGCACGGGGTCGCCCCAAACCCCTTCTGCTTCTGCCCAT",NA
"481",481,"CGTTTGGCAGCGGATAGAGGACACGACCAAGATGGCGGCGG",NA
"482",482,"GTGGCTTCATACATTTGGGGACCCTATTTCCACTCCCTCCT",NA
"483",483,"GACGAGTAATTGCCCTGAAAACTCTTGGCTAATTGACCCAC",NA
"484",484,"GAAGGCATCTCCGGGGTTGAACAAACGGAAAGTGCCAGGAT",NA
"485",485,"CCACCACCACTTGTTGAAAAACTGATTTGAAGGCATCTCCG",NA
"486",486,"TTCTGACTCCCTGGCCCCTGACACGGCTGCACTTTCCATCC",NA
"487",487,"GGCAGCGAGGACATTTTCTGACTCCCTGGCCCCTGACACGG",NA
"488",488,"GCGAGTCGGTGGCAGCGAGGACATTTTCTGACTCCCTGGCC",NA
"489",489,"CACAAGCGCGGCGGCGGGAGACACTCCCGCCCCCACCAGAC",NA
"490",490,"GCCGCTTCCCTTCTTCATTGACTCGGAAAAAAAATCCCCGA",NA
"491",491,"CCTTTCTCTTCAAGCGTGAGACTCGTGATCCTTCCGCCGCT",NA
"492",492,"TTTAATATTTCAAAGATCTGACTGCAGCCATGAGCAGCAAT",NA
"493",493,"GGATTGTTTCAGCTCCACAAACTTGCACGGATTTTGGTTAC",NA
"494",494,"ACGAGGGTTCCCGGGATTGGACCGACGCAGCCATGGTAGGT",NA
"495",495,"CAAGGCCTGAGTAGCCGGTAACAAACGAGGGTTCCCGGGAT",NA
"496",496,"AATCTTCCCGATCGTTAATAACTCCTCAGGTCCCTGCCTGC",NA
"497",497,"GTTTTGCCAGTTATGCGAAAACATGGCTGCGGCCGGTTTGG",NA
"498",498,"TCTCTCTTGCGCCATTCCAAACATGGCGGCTCCACTAGGGG",NA
"499",499,"CGGCGCGCAGTGTCCCGTGAACTGTGAGTACTGCGACTGAA",NA
"500",500,"CACTTCCGGGTTCGGCAATAACCTGGAGCCGGCGGCGTAGG",NA
"501",501,"TCGCTCCCGTCTTTCTGGAAACACCGCTTTGATCTCGGCGG",NA
"502",502,"CAAGAGTTAGGAGCTCGAGAACCGTTTGGCAATATGTACGA",NA
"503",503,"AAGTTTCTGGTCTTTAAAAAACTCTGTGGCGGTACGGTAAC",NA
"504",504,"TAAGTGAGAAAGGAAAAAAGACAACGAGGAAAAAGGAGGTG",NA
"505",505,"GCCTCCTGACTCAGCCCAGGACCGGCTTCTTCTCACGACCT",NA
"506",506,"CTTCTCACGACCTGCTGGAGACTGGACGCCCACACCTGACC",NA
"507",507,"GGTAATTTCTACTCTTCTGGACTTCAAACTAAGAAGTTAAA",NA
"508",508,"TCTACTCTTCTGGACTTCAAACTAAGAAGTTAAAGAGACTT",NA
"509",509,"CAAACTAAGAAGTTAAAGAGACTTCTCTGTAAATAAACAAA",NA
"510",510,"TCCGCCCTTTTGGCTCTCTGACCAGCACCATGGCGGTTGGC",NA
"511",511,"CTTCGTAGGATAAGCCAGAGACATGGGAAAACCAATGGAAG",NA
"512",512,"GCGGCGGCGGCGGCGGCGGGACCCGCGGAGCCGCTTTGTGT",NA
"513",513,"CGGCGGTGGCAGCGGCGGAAACCGAAGGGGAGCCATGGCGG",NA
"514",514,"GTTTGCTCCCTCAGCATTTGACATTGTGCAGCAAAGAAATG",NA
"515",515,"TCTCGGCGGCAGCGGCGGAGACACTAGCACTATGTCGGAGG",NA
"516",516,"TGACGGTGGCTTGAGGAGGAACCTGTCTTTAAAGCTGTCCC",NA
"517",517,"CCGAGTTCCCGGATGAGGGAACATTCTGCAGTATAAAGGGA",NA
"518",518,"CAGAGCTGGTGTGAGACGAGACAATCCTGCCCCGCCGCCGG",NA
"519",519,"CGGGACGGCGGCGTTGGCGGACTGATCCGCGGCGGTGAAGA",NA
"520",520,"CCCCTCTCTTTTCTCGGAAAACAAACTACTAAGTCGGCATC",NA
"521",521,"CCGGTCTCCGGCGGAGACGGACTCTGGAGTTTGGGCGGCCC",NA
"522",522,"GAGGATTGCGTTAGAGATAAACCAGTTCACGCCGGAGCCCC",NA
"523",523,"AGTTAATGCACGTATTTTAAACTCCCGGGCCTGCGGACGCT",NA
"524",524,"CGGGTCGGCGCCATTTTGGGACTGAGACTGGTTGTGGGGGA",NA
"525",525,"GGCGCCATTTTGGGACTGAGACTGGTTGTGGGGGAGGGAAA",NA
"526",526,"AAGTGAATTGATAGTAGTGAACAATTCAGCAAGCTACTTAA",NA
"527",527,"AGCAAGCTACTTAAAAAGAGACCCAGGCAGCATTTCTTCAG",NA
"528",528,"GTTGGGGTTCTTCAGCCGAAACTGAGAGACGTTGATTTGTG",NA
"529",529,"AGTTTCAGCAGTTTCAAATGACTGAGTATTGCTGAAGTTTC",NA
"530",530,"CTCTTTCATGTCACAATGGGACACTTTTTCTGAATGAAGAG",NA
"531",531,"GGATATTTCATCTGGAGTGGACAAGTACAACAGTGGCAAGT",NA
"532",532,"TACATGGAATAATAAAGAAGACTTTGATCTTAAATCTAAAG",NA
"533",533,"TTTGATCTTAAATCTAAAGAACTTGGCTAATTCGGGAGATA",NA
"534",534,"CGGGAGATAGCCATATGAAAACTTTAAAACAGAAGTATGGG",NA
"535",535,"AGCCATATGAAAACTTTAAAACAGAAGTATGGGTAGCTGAC",NA
"536",536,"AACAGAAGTATGGGTAGCTGACTTGAAGTAACTCTATGTCA",NA
"537",537,"TGGGTAGCTGACTTGAAGTAACTCTATGTCAAATAGTCGTA",NA
"538",538,"AGGTTAAGTATCTTCAAAGAACTTCGATATTATTTCAGAGG",NA
"539",539,"GATACAAAATAAAAATACAAACTGGAAAATAAAGATTACAG",NA
"540",540,"TCTCAGGTGGTCCACCCGAGACCCCTTGAGCACCAACCCTA",NA
"541",541,"CAGTCCTTGCGCACCGGGGAACAAGGTCGTGAAAAAAAAGG",NA
"542",542,"TTGCAGTACCCACTGGAAGGACTTAGGCGCTCGCGTGGACA",NA
"543",543,"GGACTTAGGCGCTCGCGTGGACACCGCAAGCCCCTCAGTAG",NA
"544",544,"CGGGACTTTTTTTTTTTCAGACTGACCGCGGGGCAGCTGCG",NA
"545",545,"CTCCTCCCTTTTTAATTGGAACTTCTGCTTAGGACCTGTGT",NA
"546",546,"AATTGGAACTTCTGCTTAGGACCTGTGTATGACGTTTCACC",NA
"547",547,"TGTTCTTTCGGTAGCCACTGACTTTGAGTTACAGGAAGGTC",NA
"548",548,"ATTGAATGATCTGGCACGGGACCCTCCAGCACAGTGTTCAG",NA
"549",549,"TGCTCCTCACTTGCTCTGAGACAGGTGCGGCAAGTCTACTG",NA
"550",550,"GAGGGGGCGGCGTAGTGGAGACCCACGGCAGGCCTGAAGAA",NA
"551",551,"CGGCGGCCAAGGAGGAGGAGACACAGTTGGAGCAGCTCCGT",NA
"552",552,"TGGAGCAGCTCCGTGGGCTGACTGGGGCGAGGCCTCAGCAG",NA
"553",553,"AACCCAATGGAAAAAGCATGACATTTAGAAGTAGAAGACTT",NA
"554",554,"TTAACGGCCGCGGTACCCTAACCGTGCAAAGGTAGCATAAT",NA
"555",555,"AACTAACGTTGGTATAAGTAACATGAAAGCATTCTCCTCCA",NA
"556",556,"TCTTTGGACACTAGGAAAAAACCTTGTAAAGAGAGTAAAAA",NA
"557",557,"ACCAGACGAGCTACCTAAGAACAGCTAAAAGAGCATACCCG",NA
"558",558,"CCAAAGCTAAGACCCCCGAAACCAGACGAGCTACCTAAGAA",NA
"559",559,"CAAAGAGAACCAAAGCTAAGACCCCCGAAACCAGACGAGCT",NA
"560",560,"CCAAGCATAATATAGCAAGGACTAACCCCTGTACCTTCTGC",NA
"561",561,"TGTCATGGTTGGTTCGCTAAACTGCATCGTCGCTGTGTCCC",NA
"562",562,"TCCCGCCGGCCGTCTCCTTAACACCGAACACCGTGAGTAGC",NA
"563",563,"ATAACGGCGGCGACGGCGAAACCTCGGAGCTCGCAGGGCGG",NA
"564",564,"AATTGGCGACTTCGATATTAACAAGGATGGCGGCGGCCGCA",NA
"565",565,"AAACTATTGCAGTAGCTGGAACTTTTTAGTGTAACCAGCAT",NA
"566",566,"AAGATTTCAATTCATAGCAAACTGGTGTTTTAAACTATTGC",NA
"567",567,"TAGCTGCTGATCTACAGAGAACTTCTTGTAATTAAAAGATT",NA
"568",568,"GACTTGGAGCTTAAATAAAAACTAAGGCAAAATAGACGCTT",NA
"569",569,"ACAGCATATTTAGAGAAAAGACTTGGAGCTTAAATAAAAAC",NA
"570",570,"CATTGCATCTGATTTAATGAACTTAAGTCTGTGAATAAGCC",NA
"571",571,"AGCGGCACCTAGAGGTTGGGACTTGGCATTGCATCTGATTT",NA
"572",572,"GCCTGGCAAAAAGAAACCTGACTGAGCGGCGGTGATCAGGT",NA
"573",573,"CGCCGAGAAGCCCTTCACAAACTGCGGCCTGGCAAAAAGAA",NA
"574",574,"ATGGCGTCGTCCGCGGAGTGACAGGGGTCCCTCTGGGCCGG",NA
"575",575,"CGTGGGCTCGCCTCCCTGGGACTAGGTTTCAGCGGCCGCTG",NA
"576",576,"AGTGATGCCTAAAGCTGTGGACCGCGTGGGCTCGCCTCCCT",NA
"577",577,"GCAGTTTGTTTCGACGCCGGACCGCGTAAGAGACGATGATG",NA
"578",578,"GCCGGAACAGCACCTCGTGAACTGTGAGGAATACATCCACG",NA
"579",579,"CTTTTCTTTTCCAAGATGTAACTACGGATCAGACACTAAGG",NA
"580",580,"AAGATGTAACTACGGATCAGACACTAAGGACCTTCACGTTT",NA
"581",581,"CTCCGAAGGGAGTGACTAGGACACCCGGGTGGGCTACTTTT",NA
"582",582,"TAAGAGTCTGCACTGGAGGAACTCCTGCCATTACCAGCTCC",NA
"583",583,"GTGTTTGCAACAGTGTTCTAACTATTAACGCTACGATGCCT",NA
"584",584,"TTAAAGACATCTTTCCAGGAACAGCGTGAGGAGGACAGAAG",NA
"585",585,"CCAGGAACAGCGTGAGGAGGACAGAAGCACCCAACAGGACT",NA
"586",586,"GGACAGAAGCACCCAACAGGACTGCTCAAGCCACCTGCGAA",NA
"587",587,"AAAGAAGGTAGTGGAAACGAACTTCCTGAGCTTTTCAGGCT",NA
"588",588,"CCCAAGGCTTCCCAGAGCGAACCTGTGCGGCTGCAGGCACC",NA
"589",589,"CGCTTCGTCTTTCGAGAGTGACTCCCGCGGTCCCAAGGCTT",NA
"590",590,"CCCAAGGCTTTCCAGAGCGAACCTGTGCGGCTGCAGGCACC",NA
"591",591,"AGTTTCCGGCGTTCCGAAGGACTGAGCTCTTGTCGCGGATC",NA
"592",592,"GCTGCGCTCCTCTAATTGGGACTCCGAGCCGGGGCTATTTC",NA
"593",593,"GTGGCAGCGGCGGCGGCGGGACCGGCAGCAGCAGCAGCAGC",NA
"594",594,"CACTCCGGCGCAGTGTTGGGACTGTCTGGGTATCGGAAAGC",NA
"595",595,"CCTCTTCCGGTTTCATATGAACTCTCCCGCCACCCGGGAAC",NA
"596",596,"TGTGTCGCCGCCGCCTCGGGACCGGCTGTATGATTAGGCCA",NA
"597",597,"GGAATCCCTGCGCCGCGTTAACAATGAAGCAGAGTTCGAAC",NA
"598",598,"CGGCGGATTCGAACGTTCGGACTGAGGTTTTTCTGCCTGAA",NA
"599",599,"CCGAGCGGCGGGGAGGTGAAACAGGAGCCCGTCGGAGGAAG",NA
"600",600,"TATTCTGTCTCTGCATCCGAACTTTTGAAGAGAAAAATTCG",NA
"601",601,"ATGGCGTACTTGGCTTGGAGACTGGCGCGGCGTTCGTGTCC",NA
"602",602,"CGACGGAAACTGGACACTGGACCGGCAGCGCCATGAGACTC",NA
"603",603,"GAGAGCCTTAGCCGACGGAAACTGGACACTGGACCGGCAGC",NA
"604",604,"CCTTAGCCGACGGAAACTGGACACTGGACCGGCAGCGCCAT",NA
"605",605,"TGTGACTTTCCGTTTATCAGACTAAAATCAGAGCCATCCAG",NA
"606",606,"CCCTACAGAAATCAAATGTGACTTTCCGTTTATCAGACTAA",NA
"607",607,"AGGCCCGAGCTAAGGCTAAGACCCGCTCTTCGCGGGCCGGA",NA
"608",608,"AAGTTCTTATCAAGAAAATGACTGTGAGGGCAACGATGGGT",NA
"609",609,"AAATACCAAGTAAGGAATTAACATATATGATGCTGGAAACT",NA
"610",610,"TTCCTTTCACTCACTTTCTGACTTAGGCCACAGGTCGTTTT",NA
"611",611,"CTTTCCAGCCCCGGTACCGGACCCTGCAGCCGCAGAGGTGA",NA
"612",612,"AGTGAGTTTACCCCTATGAGACTGTGAGAGGCCCGGGGCCT",NA
"613",613,"GCAACGGGTTTGCCGCCAGAACACAGGTAAGTGCCGTGTGT",NA
"614",614,"AACAGCTCCACTCGCGCCGGACACAGGGAGCAGCGAGCACG",NA
"615",615,"CGCAGGGGATTGAGGGGTTGACTGAGCGTTGCGAGCCTTAG",NA
"616",616,"GGCCTGCCCTTCCCCGCGGGACTATCGCCCCCACGTTTCCC",NA
"617",617,"GCCTTTGTCCGTGTTCGGTGACCGCAGCACTGGGGAAACGA",NA
"618",618,"GTTACCCAGTAGCTCCTGGGACATCGCTCGGGTACGCTCCA",NA
"619",619,"TGAGACGGAGCACAAATTGGACCCTGTATTTGATTCTCCAC",NA
"620",620,"GGTGGCCGGTCTCCGTCGTGACCTCTGACGGTTTCTGAGCG",NA
"621",621,"CAGTTGTGAAAAACTTCAGGACAAAAATGTTTCATTTAAGG",NA
"622",622,"TGACCCTGTTACCTGCAAGAACTTGGAGGTTCACAGCTAAG",NA
"623",623,"CAGCTTTCTCTCCTTTGAAAACACTAAGAATAATGTCACTG",NA
"624",624,"CACATCCTTCTTTCTCTGGGACCTGGGGTCGCGGTTACTTG",NA
"625",625,"TTACTTGGGCTGGCCGGCGAACCCTTGAGTGGCCTGGCGGG",NA
"626",626,"GCACCGCTGCGTTACCCGGAACCGCCGGGCCGAACAGCATG",NA
"627",627,"TCGTGAGGAGCGCAGTCCGGACTCTTCCCGCAACCCCTCCG",NA
"628",628,"AGGCGGCGGCGGCCACCGAGACAGCAGCGCACCTTCCCCCA",NA
"629",629,"CAGGGGCGAGGCGGCTGGGGACCGCGGGGCGGACGGGAGCG",NA
"630",630,"AGGAAAAGCCTAAAGATTAGACTGTAAGAAAAGAAAATAGA",NA
"631",631,"GACGCGCCACCACCGCCGAGACCGCGTCCGCCCCGCGAGCA",NA
"632",632,"CCCGCCAGCCGCAGTCTTGGACCATAATCATGGTGGACATG",NA
"633",633,"GTCGGAGACCTCTGCCGCAAACATGCTCCGCCAGATCATCG",NA
"634",634,"TCTCTCCTTTCCAGTCGGAGACCTCTGCCGCAAACATGCTC",NA
"635",635,"CACATCTAGACAAGGAAAAAACAAGCCTCGGATCTGATTTT",NA
"636",636,"GCGGACCGGCGTGTCCTTGGACTTAGAGAGTGGGGACGTCC",NA
"637",637,"CGCACCTCATGGTTCCGGGGACAGTTAGGGCGGCGGATGGA",NA
"638",638,"GTTTCATTGGAGCTTCCCGGACCGTGTGCTCGACGGTGCCC",NA
"639",639,"CTGGGAGGTGTTGGGCGCGGACAGTCGAGATGTCAGAGAAA",NA
"640",640,"TCAGCTTCCCCAGGAGCAAGACCTCTGAGCCCGCCAAGCGC",NA
"641",641,"TCTGGTGGCGGCGGCGGCGGACCCTTGGGGTCTGGACGCAA",NA
"642",642,"TTACCTTCCTGAATTAAAAAACAGGTCATTAAGCTTGGGCC",NA
"643",643,"TCTCCCTTAAATTATTATAAACTTTTGCTGCTGTTTAATAA",NA
"644",644,"GGCCCGGTGGCCGCAAAAGAACTTTCTTTCTCCCGCCCGAA",NA
"645",645,"CTCGGTGTGACGAGTGGGGGACCCGAAGGCTCGTGCGCCAC",NA
"646",646,"TACTGTATAACTGTGAATAGACACTATGCATATTTGTTGGT",NA
"647",647,"GAGGATGGGGCCAGATATGAACTCTCTACCATGAACATGGT",NA
"648",648,"ATATGAACTCTCTACCATGAACATGGTTCTCGGCTTATGAA",NA
"649",649,"ATGAAGGAATTTTAAGTAAAACAGTTATTTAATTTCCACAT",NA
"650",650,"TCTTCGTACTTCTGGTAGTGACAGATCTGCAGGACAGATTT",NA
"651",651,"ATGGCGTTCTTGGCGTCGGGACCCTACCTGACCCATCAGCA",NA
"652",652,"ATGAGAGCCCGGTTTGAAGAACATAAGAATGAAAAGGATAT",NA
"653",653,"CTTCACATACTTTTACACTAACTTTATATGATTTTTAAAAA",NA
"654",654,"AATCAGCACGCGGCCGGAGAACCCCGCAATCTCTGCGCCCA",NA
"655",655,"GCCGCCCCAAGTCAGCCTGGACACATAAATCAGCACGCGGC",NA
"656",656,"GTTTTGTGAAAGGAGGAAGGACTTAGGCCAGAAAACTCATA",NA
"657",657,"CAACGTCTCCTTGGTGCGGGACCCGCTTCACTTTCGGCTCC",NA
"658",658,"CTGTTCGCTCTCGCCGAGGAACAAGTCGGTCAGGAAGCCCG",NA
"659",659,"TCCGCACGCTCCTGCTCCTGACTCACCGCTGTTCGCTCTCG",NA
"660",660,"CATACGTATCAAGGACAGTAACTACCATGGCTCCCGAAGTT",NA
"661",661,"GGTTAGCATACGTATCAAGGACAGTAACTACCATGGCTCCC",NA
"662",662,"AACCCGGTGAAGCAGCCGAGACCGACCCGCCCGCCCGCGGC",NA
"663",663,"GTGTGTGCTCCGGGCTCGGAACACACATTTATTATTAAAAA",NA
"664",664,"GCCGCCGCCGCCGCCCAGAGACTGCTGAGCCCGTCCGTCCG",NA
"665",665,"TGCATATTCTAAGGACCCAGACATAGGCTTGGTGGCCCGTC",NA
"666",666,"AACGCTGAGCCACCTTGGGAACCTAGCTGATGATAGGGGGG",NA
"667",667,"AATCGTGAGTCGCCCCCAGGACCCGTCGCCATGGGCCGTGT",NA
"668",668,"CAGCCTAAATGGGAAGAAGGACATTTTTGCTGCATCAAGGA",NA
"669",669,"CAGATTCCTTTCCCGTGCAGACATGGCCTCTGGCACCACCA",NA
"670",670,"GCTGCGGCGCGCCGGGCGGAACTTTCCAGAACGCTCGGTGA",NA
"671",671,"TGAGAGGCGGAGGAGCGGTAACTACCCCGGCTGCGCACAGC",NA
"672",672,"CCGGGGGGGGGAGGCCCGGGACCGGGACCCGTAGCGAATTC",NA
"673",673,"AATTTGGGGTTAAAAAAAAGACAAGAAAACAGGAAGGAAGA",NA
"674",674,"TCTCTCCGCTCCCGTGAGTAACTTGGCTCCGGGGGCTCCGC",NA
"675",675,"CCGGCCTCCGCCGCTAGCAAACCCTTCCGACGGCCCTCGCT",NA
"676",676,"GGTCTTTCGGGGGCTCCGTAACTTTCTATCCGTCCGCGTCA",NA
"677",677,"AAAAATTTCCTTACTAGATGACATTTCATCGCAATGTCCGA",NA
"678",678,"CTCGCTGGCTAGTAGGAGAGACTGGTGCTTGCCCCGCCCGG",NA
"679",679,"GGGTCGGGTGGGAGGAGGGGACTCCGGGAGGAGGAACATGG",NA
"680",680,"CGCCGCCTCCCGGGCTTCGGACCCCCGGTCTCGCCCCCGAA",NA
"681",681,"CTCCTCTGGATTGCCCCGAAACACCGTGGTACTGTTCGTGC",NA
"682",682,"TCCTTACAGCCGCTCGTCAGACTCCAGCAGCCAAGATGGTG",NA
"683",683,"TTTCCTTTAGTATTTCATAGACATTGATGGAAGCAGAAACC",NA
"684",684,"GTGCTACGGCCTGTGGCTGGACTGCCTGCTGCTGCCCAACT",NA
"685",685,"ACTGGTCTCGCGTGCGCGTGACCAGGCCCGGTTTCCGGTGC",NA
"686",686,"TATATATGATGCTCTGCAAAACCTGGATAAGAAGATTGATG",NA
"687",687,"CTATAATTTCTTTTCTCAAGACAACTACATAAGCAGACAAA",NA
"688",688,"CAAGACAACTACATAAGCAGACAAAATTGCAAAGATCTGCC",NA
"689",689,"GAGAGGGCCTTCGCGGTGGAACAAACACTCGCTTAGCAGCG",NA
"690",690,"GGGCCTTCGCGGTGGAACAAACACTCGCTTAGCAGCGGAAG",NA
"691",691,"GCAGCCATCAGCCCACAAAGACATGACTACCAACGCGGGCC",NA
"692",692,"GTTCTTCCCACAGGACTTGAACTGCCATGTCCTCTGAAGAA",NA
"693",693,"TGCCCGACAGTCCTAGCTAAACTTCGCCAACTCCGCTGCCT",NA
"694",694,"GGCAGTCGGCTCCCTCGTTGACCGAATCACCGACCTCTCTC",NA
"695",695,"ATAACTTGTCCTTACGTTAAACTTGGAACATGGTTGACTCT",NA
"696",696,"GTCCTTACGTTAAACTTGGAACATGGTTGACTCTGGGACAG",NA
"697",697,"GCTGTATGTTTGGAAAGAGAACTTTGTGACTGCAGAACTGA",NA
"698",698,"CAGCGGCAGCTCCCACCAGGACTTATCTCAGAAAATTGCTG",NA
"699",699,"AATATATGAATATATTTCTGACATTGAGGTGTTCCAGAAGA",NA
"700",700,"CAAGATGGCGGCCGTTAAGGACAGTTGTGGCAAAGGAGAAA",NA
"701",701,"GAGCATTGCCTCGGCTTCAAACAGCGGCGGCGCCATGAGTC",NA
"702",702,"ACTCACCCTGGACCTGAGAGACCTCTTCAATCAGGTGGAGC",NA
"703",703,"TCCATCCTTACTCACCCTGGACCTGAGAGACCTCTTCAATC",NA
"704",704,"GAGCCTGGAAGAAGCTGAAGACTGCTACCCTCCATCCTTAC",NA
"705",705,"TTACAGTGGTTGGAATAAAAACAGGGTTGAATGAGTTCCAG",NA
"706",706,"CTCCCACTTCACCCTTCTAGACCATCCCAGAAGATCTATAA",NA
"707",707,"GGAGCTTTCTGGCTGCCTAAACTGGTAGACCCCCTGAATTA",NA
"708",708,"CGCCTTCACGATCCGCTGGGACCCGCGAGCCCCGCCGCCGT",NA
"709",709,"TCGGAGCGCGGCGGCAGCTGACTGCGCCTTCACGATCCGCT",NA
"710",710,"GGCTCCCTTCCCGCTTGTTGACTTCTCCCCACCGCACCCTT",NA
"711",711,"GGGGACTTGGGGGTGTGGGAACCGGGCCGGGGCTCCGCCAT",NA
"712",712,"CAGTTTATTAAATGGACGAAACATAGAAATAACATTGAAAA",NA
"713",713,"AATACTGGCTTCATAGAATGACATTGAGAAGTATTCCCTCT",NA
"714",714,"CACATTTCTGACTTTCTATGACTATTTAGTGTTCTGTTGTT",NA
"715",715,"CAGGGCTGTGTGTCTGCATGACCTGGCTCCCGCCGATTGAG",NA
"716",716,"GGGCTGGCCCAGGCGTGCGGACAGGCGGCTGGTCTGCATGG",NA
"717",717,"AACAAAACAAAACAAAAAAAACCCCAAAACTCTTGGCCTCA",NA
"718",718,"ACTTCTGTGTCTGATAATGAACTTTGATTTTAAGACCCTTG",NA
"719",719,"CTGTCAGAATTCGCTGCTGGACCCCTGCACAGGTCCCAGGC",NA
"720",720,"GTGTTGAGAATCATACTAAGACTTGGGCCTTATTTTCAGGA",NA
"721",721,"ACTTTTAACAGATTCATTTGACCAACCCCCTCTCCTCAACT",NA
"722",722,"TAAGATAATGGCTCCCGAGAACAAGGACATTTTCCTACATT",NA
"723",723,"AGCCTGACAAATATGGTGAAACCCCGTCTCTACTAAAAATA",NA
"724",724,"TACAAATGAGGAAAACTGAGACCCAAAGAGGCAAAGCATCT",NA
"725",725,"TAGTCATTGACCTGCTTTTAACAGGGACTGGGTCAATGGTT",NA
"726",726,"TGGGGACTCTGTGTGGTGAGACATCCTCCTAGGTAACAGGG",NA
"727",727,"ACAACTACTATATCAATAAAACAAAATGACAGCCATGAATA",NA
"728",728,"GGAAGAAGTTGTGACTTCTGACATGGGTGTGATTGTCTTCC",NA
"729",729,"GATTTTTTTCTTTGGTCTGGACTGGGTTAGACTTGAGTAAC",NA
"730",730,"CTTGAGCCCAGGAGTTCAAGACCAACTTGGGCAACATGGTG",NA
"731",731,"ATAAACCACTGTTAAAAAAAACAACAACCAGGGTCTTGTCA",NA
"732",732,"TCCAAGATGGCTGAATAGGAACAGCTCCAGTCTACAGCTCC",NA
"733",733,"GGAGCTAGGAGAAATGTCAAACACATGAAGAAATGACAAGC",NA
"734",734,"CATGAGGTCAAGAGATCAAGACCATCCTGGCCAACATGGTG",NA
"735",735,"AAGGAATTGTATGAATCCTAACATAATTAGTATCCATATAT",NA
"736",736,"AGCATTTGGTATATAGAGGAACATTTCCAGCCTGTTCCAAG",NA
"737",737,"TAACTTTGATAATGATCTTGACTACCACCCGTTTAGTGTCT",NA
"738",738,"ACAAAACAAAAAACAAAAAAACACAATAACAGTGAATACAT",NA
"739",739,"TTCAATACACATTAATGTAAACACATGGAAAAGTATTAGCT",NA
"740",740,"ATCCTGGCTAACACGGTGAAACCCCGTCTCTATTAAAAAAT",NA
"741",741,"CACACGCCCTTTGCTTTGGAACCCACACTTCTTAACTCAGA",NA
"742",742,"ACATGGGAAGGGTTTTAAAAACTCTTTCTCCTTTTCTTTAG",NA
"743",743,"TAGTGCCTGTCGCAGAAAGAACATAGTCTATGTGTTGAATA",NA
"744",744,"CAGCTACTGAGGAGGCTGAGACAGGAGAATTGCTTGGACCT",NA
"745",745,"ACTTAAGCTGGATGGGCCTAACAGAATCTCTTGGATGTCGG",NA
"746",746,"AGGCTGGTCTCAAACTCCTAACCTCAGGTGATCTGCCTGCC",NA
"747",747,"GTGCCATATGCTTGTGGCAGACAGTGGTTAATATCAGTCTG",NA
"748",748,"TGTGAGAATTACATGAAGAAACCAAATTTTACTGAGAGAAA",NA
"749",749,"GTGTTAAATCAGCTAAACTGACTGAGTGCGCCTTCTCCAAC",NA
"750",750,"GTACTGGTATGAATGTGCTAACTTTATAAAAAGTAGTTGAA",NA
"751",751,"GATCGAGACCATCGTGGCTAACATGGTGAAACCCCGTCTCA",NA
"752",752,"AATGACTTTGGTGAGCCAGGACTTTGGCAGTTCAGAAGGAT",NA
"753",753,"AGGAAGAGAAGGGAATGTTGACCTTTCAGCCTCAGGGCAAT",NA
"754",754,"GTCAGCAGATAAACAAGTGAACAAAGGTCTCTGGTTTTCCT",NA
"755",755,"TTTGAGCTGCACACTTTGGGACTGAATCCCCGTGGTGCCTT",NA
"756",756,"TAGAGGCTCAAGGGTTCAAGACTTGGAGGAGAAAAGGCATT",NA
"757",757,"CTCCTTGAAGCACGCAGGTAACATGGATGTTAGCTCAAAGA",NA
"758",758,"AAAAAAAAGAAAAGAAAAAAACATTTAGACAGAATAAAGCC",NA
"759",759,"ATGCCGACTGACGGAGGGGGACCTGCGGATGCGGTGATGCC",NA
"760",760,"CCATGGCAGCAGCTGAATAAACTGGGATTTGGGTGAGGGAA",NA
"761",761,"CAGCCTCCCTAGTAGCTGGGACCACAGGTGCCCGTCACCAT",NA
"762",762,"TATGCTCTACGAAGTTGAGGACACTCCCCTCTATTTTTTTT",NA
"763",763,"TTTAATAATGGCTATGTTTAACAACAAGCTGACAACATTCT",NA
"764",764,"GTGGAGGTAGTGGGCAGGTGACTATCTCCTTTTCTTTAGTG",NA
"765",765,"CTGACATTTATTAGCTTGTGACCTTGGACCTTGGTTTCCTT",NA
"766",766,"CCTCTGGCCTTTCTAAATTAACTTGGTCCACCTCATAAATA",NA
"767",767,"TGCTTATTAAAAAATTAGAAACCTGCCTTCATCATCAGTAC",NA
"768",768,"ATAGCCACCTTGCAACCTTGACTGGAGCGAGCCTCGCACAC",NA
"769",769,"TCTCCATCATGATAAAACAAACAAATATAACAACAACACTC",NA
"770",770,"GAAGGTGAAGTCTTAAAGAAACAGATGCTCTTGGAAACGGA",NA
"771",771,"AGAGGAAGACAAGAAGGAAAACTAAAAACCCAGGACCTAAT",NA
"772",772,"ACTTAGATGTTGTGTTTTTAACCAATATTTAAGTTATCACA",NA
"773",773,"TTTTTAAAAAGTATTTTTAAACTATGCAGAAGTATTTAAAA",NA
"774",774,"TGACCATCATAAATAATGAAACACTTCTAATAATTTATTAA",NA
"775",775,"GTACATATACACACTGGAAAACTATGCAGCTACTAAAAGAA",NA
"776",776,"CGCTCTCTGAGTCTAGTATGACTACAGTATCAAAACTAGGG",NA
"777",777,"TGAGGTTGATGACCCGTAGGACAGATGTCCTCCCTCCTGCC",NA
"778",778,"AGGGAATATTAGTGATGAGAACTAAGAGGGCAAGTAGGGCA",NA
"779",779,"TGAATTTGTGAGAACCAAAAACAAAGAAACAAACAAAACCT",NA
"780",780,"AAAAATACAAAATTAGCCGGACATGGTGGCATGCACCTATA",NA
"781",781,"TGGTCCCAGGCTGGTCTCAAACTCCTGAGCTCAAGCAATCC",NA
"782",782,"TAATTTTGGGTAGGATTTTAACTTCTTTGTGGCCATGGCCG",NA
"783",783,"TGCATTACTCCTCAAAAGGAACAAAAATGTTTTGGCTTTTT",NA
"784",784,"GTCTTTCACCACTGTGGAAGACACTGATACTTGTCTACTGT",NA
"785",785,"CAATTCCTCAGGGATCTAGAACTAGAAATACCATTTGACCC",NA
"786",786,"TTCTGAGGATGATAAGGGGGACAAACAAGATGAAGAATAAA",NA
"787",787,"ATCCCAAATACCTTGATTTGACCATTACACATTGTGTGCTT",NA
"788",788,"TCTGTCCCAACAGTGGCCTGACAGGGCTGCCCTCTGCCACC",NA
"789",789,"CGTTTCCAGTGTTGCTGCTGACAAGTCTGTAGCCATTCTGA",NA
"790",790,"TGGACACATGCATGGTATAAACACACAATGTAATGGGTTCT",NA
"791",791,"TGTTGTGTGAAGTTAATGAAACACAAAAGAATACAAAGAAA",NA
"792",792,"ATGTCCTCAACATCAGTAAAACTGCCATGCATTTTTTTTCT",NA
"793",793,"GAAAACAAACCAAAAAAGTAACTTATTCTTTTTCCCAGAGA",NA
"794",794,"GATCCTGGAGCCTGTGAGAAACCTCTTCTGCCCACCCTGGG",NA
"795",795,"CGCTTAACGGGAAAAGGAAAACCTTAATGACAGACTTTTGT",NA
"796",796,"GTTCAATTTCGTTAATAATAACAGGTCTACTCAGACTACTG",NA
"797",797,"AGAGTTCCAAGTAAGATAAGACTACTCTGGATATTTAGAGA",NA
"798",798,"AATTTGGGGCTGACCCCAAAACTTAATTTAAGCCAAGTTTG",NA
"799",799,"ACTCTGTAATGCTGGAATAGACACAGCATAATCCTGTCACT",NA
"800",800,"GAGCAGGCAGTCAGAGAAGGACAGTGCTGCCTTGGTGGCAC",NA
"801",801,"GCATTTTAAAATTTAGTTTGACTTGCAATTTACTTCCTATG",NA
"802",802,"TCCATATTGTAAGTGGCTAGACTCTGTTGATTTTATGAATT",NA
"803",803,"GCTGGGCAAAATTTAGTGTAACAATAACTTCATGATACTTT",NA
"804",804,"GTGCTGGCTTTCTTAACTTGACAGTCATTTTCACACCAGTG",NA
"805",805,"AGGGGTTGGGACAAGAAGAGACTCCTGTGAGATCAGCAGAC",NA
"806",806,"AGTAGTCGTGACCCAGGTTAACTTTCTAGTTTTGATCGTGG",NA
"807",807,"ACAAGATAGGGACTCTTAAAACACCTGCTTGGCCATGGTTG",NA
"808",808,"AGCTCAAGCCACAGCCACTGACTATGTTGTAGCTGTCACCA",NA
"809",809,"CGGCAGCTCCTGCCAGCCTGACACCTTTCCAGTGCCTAACC",NA
"810",810,"AAATCCTCAGGAACATCTGAACTATGACCCACCCATTCATG",NA
"811",811,"GCCAGTATTAGCTTTTCAGGACAGGAACTGGTTTTACACAT",NA
"812",812,"ATTTTCATGCATATTACAAAACACTTTGGCCGGGCATGGTG",NA
"813",813,"ATAATCACAATTGAAATATAACAGACCTAGAGCTCATGTAG",NA
"814",814,"ATTAGTCTACAATTACAGGAACAAATGTCCCTTAAAACAAA",NA
"815",815,"GCAGCACTAAGTCATTGAAAACAAAAACTTCTTTATTGGTG",NA
"816",816,"CAGCCAGCATGGGGAGAGAAACTACTGTAAAATATCTCAAT",NA
"817",817,"GATTTAAGTGACCTTAATTAACCTGTCCTGTGCCCTACCCT",NA
"818",818,"TAGACTACAGTATAGAGTGAACATACCTTTTATATGCACTG",NA
"819",819,"CGGTCTCCCAAAGTGTTGGGACTACAGGCGTGAGCCACTGC",NA
"820",820,"GCCCACTTCAGCCTCCCTAAACTGGGATTACAGGTGTGAGT",NA
"821",821,"TCTTTTTTTTTTTTTTCTGGACACGGAGTCTCTCTCTGTCG",NA
"822",822,"ATTTCTTTAAAACTTGATAAACTGGTGAAGGGAGGGAAAGC",NA
"823",823,"CTGTTTTAATTCTAATTTTGACATATTTATATACTTGATTA",NA
"824",824,"GCTTTGACCTCAACATCAAAACTTCCCAGCTCTATACCTGC",NA
"825",825,"AAAATTGTAAGGGAAGGAGGACTTTTGTGGCTATTGTTGCC",NA
"826",826,"GCTATGTTGCCTAGGCTTGAACACCTGGCCTCAACTGATCC",NA
"827",827,"TTGTTTTCTTCCATTAAAAAACAAAAGGAAAAACAGTTCTG",NA
"828",828,"CCCGGCGCCCGGGCCTGAGGACTGGCTCGGCGGAGGGAGAA",NA
"829",829,"ACCGGTGTCTCCTAATGTTAACTTCTTACATAACCATGGCA",NA
"830",830,"GGATTAGGACCAGCATCAGAACAGTCAGAGAATGAAAAGGA",NA
"831",831,"AGGCTGGTTTCAAACAGCTGACCTCAGGTCGTCCACCCACC",NA
"832",832,"AACAGCAGTCTCTGTGGTTAACAGCACAAGGTAGGGTCCTT",NA
"833",833,"GGTCCTAAACTCTAAATGAAACTCTGTTGATTTTCAGTCCT",NA
"834",834,"CAGTGTGATTTATGTCAAGGACCATTCCAAGGGAAGTGTCC",NA
"835",835,"AATATGTAGGTGTAAGTGTAACAAAATATATAGCTAGATCA",NA
"836",836,"GTTTTTATAACAGAGAAATGACACAGTAAAACCATAGAGGG",NA
"837",837,"TGAAAGAAACTGGATGATAAACTATACATCTGTAAAAATTT",NA
"838",838,"GCAGACTATCGGTCACCCAGACAGAACTCATTTCCCCCCGC",NA
"839",839,"CATGAGGTCAGGAGATCGAGACCGTCCTAGCTAACACGAAA",NA
"840",840,"CCGGAGGTCAAGAGTTCAAGACTCACCTGGGCAACTTGGTG",NA
"841",841,"GGCTAGACACTGTTTCTTAAACTTACCGGAAGTTACTTGTT",NA
"842",842,"GTCTGGGCAACGAGAGCGGAACTCCGTCTCAAAAAAAAAAA",NA
"843",843,"TGTATTAACCAAGACCTTAGACATTATTTTATTGTTTTTAA",NA
"844",844,"GATAATTACTAAACAGTATAACCCCTGATATCTTCTAATTT",NA
"845",845,"TATTCTTTGGGTTCAGTTTAACTTTAACTTTGGCATTCCCT",NA
"846",846,"CTTCAGTCTCTTTCAAGATAACCTTTATTTCTTCTCACGAT",NA
"847",847,"AAACCCCATCTCTACAAAAAACACAAAACGTAGCCAGGTGT",NA
"848",848,"AGAGTTCCAAATACTGAGAAACCACAAGAGGAAAAAGAATG",NA
"849",849,"CTGTCACAGCCAGTATTTGAACTTTTATCCTCCTAGAGATA",NA
"850",850,"CTAAACTGAGCTGACATTTGACAGCATGTTAGTCAAAGACA",NA
"851",851,"ACGCATATGATTATATAAAAACAATCGCATCTGAGTAATTT",NA
"852",852,"TCTTTTACTGAGGGAACGGGACAAGAACCAATGAAAGAAAG",NA
"853",853,"TGAGTTGTTGAATGAAGTGAACTTCATTTGTCAGCGTTCGG",NA
"854",854,"AAACCCTGTCTCTACTAAAAACTACAAAAATGAGCCAGGCC",NA
"855",855,"GGAGGGGTCCGTGGGGACAAACTCCCAATGGCCACAGCCCC",NA
"856",856,"TGTGTGTTCAGACAGCTGGGACAGACGGAGGACTGGGGCAC",NA
"857",857,"AGAACTCTAAATGATTAAAAACTTTAGAAAGAATTGGGATT",NA
"858",858,"TACACAGTTTTACTATGTAAACTATAGTGTTGTCTGATTTT",NA
"859",859,"CTGGAGTTTTTAATCCTGAAACTTGAGATGTAGATCACACA",NA
"860",860,"AAAATACACACAATGACAGGACTGTCTTTATAAATGAATAA",NA
"861",861,"TATCCTTAGAGGGAAGAGTGACCTTGGCTAACAAGTGGTAT",NA
"862",862,"CTGACTAATTTGTTCTGAGAACTGACTTTCTCCCCATCCCC",NA
"863",863,"TCACAGGTACTAGAGGTTAGACTTGGGTATATCTTTTTGGA",NA
"864",864,"TCACCATGTTGGCCAAGCTGACCTCAGGTAATCCGTCCGCC",NA
"865",865,"CCTCTTTAACAGGAAAGAAAACACTTTATGGAATTGTGTAG",NA
"866",866,"CAAAAGCCTCATAGGAATTAACAATTATGGGCAAAGTAAAT",NA
"867",867,"AATCATGCATGTCTCTGGTGACCATGTATATCTCACACTTG",NA
"868",868,"CAACGTAAAGATAAAAAAAAACCCCACTTAATAAAATCATT",NA
"869",869,"TGTTAGAGAACAGGGGTTTGACTGTGTTTCCCAGGCTGGTC",NA
"870",870,"AAGCACCCATACAGTAATAAACATAAACACAGTTTGCACTG",NA
"871",871,"GAAAAGGTAGTAATTATAAGACAGTCCCCAAATTCCCTGGC",NA
"872",872,"TTCCTAGTGTTGCTTAAGAAACAACACAAACTGGGTGGCTT",NA
"873",873,"TCTATTTTACATATGAGGAGACTAAGACACAGGAGGTTAAC",NA
"874",874,"GAAAAATGTGAAAAGGAGAGACAGACCTAGCCTCCCTGATT",NA
"875",875,"AAAAATAATTAACTGGTTTGACCCGCAGCTTTCTAGAAATG",NA
"876",876,"AAAAAAAAAAAATTATAGAGACAGGGTTTCGCCACGTTACC",NA
"877",877,"TGAATCTCATTAATTCTGAGACAATGTGCTATCCAGACCAT",NA
"878",878,"TGGCACCCAGTGAGCCAGAGACAACTGGTTATTACACCAAG",NA
"879",879,"ATCCTCTTATGATTCCAGTGACATCTTCATCAACTCACCCA",NA
"880",880,"TTGTGCACATGTATCCCATAACTTAAAGCATTAAAAAAAAA",NA
"881",881,"TGGAAAGGCTTTGCTATAAAACCCCTTCTTTGACTATTACT",NA
"882",882,"CTTTTGTCTTGGTTAGCTTAACCTTTATAAGCCTAAATTTT",NA
"883",883,"GGCTGGGGTGATTGACCCAGACTATCAAGATGAAATCAGTC",NA
"884",884,"ACGGAAATTCCTTTTTAAAGACTCACGAATTCAAGATTTAT",NA
"885",885,"TAGACCATTTTACATAAGGGACTTGAGCATCCTCAGATTTT",NA
"886",886,"GCAGGAGATAGTGTATTCTAACTTCTTTATAAACCAGCATG",NA
"887",887,"TTTTTATGGTTTTAGGTCTAACATTTAAGTCTTTAATCCAT",NA
"888",888,"CCTGAGGTCAGGAGTTCGAGACCAGCCTGCCTAACATGATG",NA
"889",889,"CATGATTGTATATCTAGAAAACCCCATTGTCTCAGCCCAAA",NA
"890",890,"TATTTTATTTATTTCTGAAGACAGGGTCTCACTCTGTCGCC",NA
"891",891,"ACATCTTGTTAGTTTATGGGACTGTCTCCTTAGGAACATGA",NA
"892",892,"AACAAAAACTAAAACAAAAAACTTCCAAGACTTAAAGTATC",NA
"893",893,"TGTCTTGTCAGCATATGAAAACAAGAACTTTTCACTTTACT",NA
"894",894,"TATCACTGCTTCCAAGTGTGACAGCAGTGGCCTCATGGCCT",NA
"895",895,"CCATTCTAAAGAGAAGAGAGACCAGGTGTGGTGGCTCACGC",NA
"896",896,"TTTAGCCCAGGGATCAGCAAACTTTGGAAGCCTATGGGCCA",NA
"897",897,"AGTGAGGCAATAAATATGAAACTACAGTAACCAAGTATATT",NA
"898",898,"TGGGAGGCCAAAGCAGGCAGACCACCTTAGGTCAGGAGTTC",NA
"899",899,"CACTGTAAAGAACGAGTATGACCCACAGGGACGCAGAGGTC",NA
"900",900,"ACCTGGCCTTTTATTCTAAAACTAGATAAAGAATACAAAAA",NA
"901",901,"GTCCATAATGCTTGATAATAACAAATGACTATGTTACTGGT",NA
"902",902,"TTTAGGCAGCTGATTTAAAAACAAATCTTGGCTCAGGTTTG",NA
"903",903,"TACTGTAGATTTAACGCAGGACATTTCATGTTGTTCCTAGT",NA
"904",904,"TCATGCAGAAGATCCCTGGGACCAGAGGAAGTTACTCACTC",NA
"905",905,"TGCAGTTTGCAATTTGTGTAACTTACCTCCTATCCTTCATT",NA
"906",906,"ATGAGAAAATTATATTAGGGACAAAATCAATCGTAGAAAAC",NA
"907",907,"TATATTATGTGGCAATCAAAACTGCCATCAACTGACTGATT",NA
"908",908,"TATCTTGAAAATTAAGATTAACATGACCTTTTTTTTTAATT",NA
"909",909,"GAGGCAGGAGAATTGCTTGAACCCAGGAGATGTAGGTTGCA",NA
"910",910,"GATACAGATCAGAAAGATTGACAGTTACAGATAGTTATGCA",NA
"911",911,"GCTTCTGATCTCCGATGAGAACAATGGGGGACACCAAACAG",NA
"912",912,"GATGGAGACTATCCTGGCGAACATGGTGAAACCCCGTCTCT",NA
"913",913,"GTGACTTCTCCAACTTGGGGACATTCACGGACTCAATAAGC",NA
"914",914,"TCAATCTTCTGCCATTATAAACAAGGCCGGGCAGAGTGGCT",NA
"915",915,"ACAATCGTACATTCCTGGTAACAGCCCTGTGATTGTCTGCT",NA
"916",916,"CTATAACAAAATACCTTAAGACTGGATAATTTATGAAGAAC",NA
"917",917,"GAGCTAACAATCTAGACAGAACCAGTCTGCAGAGTGTGGTA",NA
"918",918,"AATCAAACTCCCTCACCAAAACCGAACCCAGTCAAGGCCAG",NA
"919",919,"GCATCTGTACCAAAGATCTGACCTGGGGAAACAAAGGAGAA",NA
"920",920,"CTGTTGCTTCAGGTCACTTGACTAACTGATACCTGTATTAG",NA
"921",921,"TACCCTCAAATGATTAGTTAACTTACCCCAATCACTTAATT",NA
"922",922,"AGGCAGGTCTCGAACTCCTGACCTTAAGTGATCTGCCCACC",NA
"923",923,"TTCTCTCCTCCCCCATGAGGACATTATGGAGGGCTGGCCAG",NA
"924",924,"TGATTCTTAATTCACTGGTGACCTGTTCTCTTTAACAAGCT",NA
"925",925,"AAAATTCCTATTGCCTAGTGACATCATAGCCATTGTAACAT",NA
"926",926,"ATACAAATAAATTATTGTTAACTATAGTCACCCTACCATGG",NA
"927",927,"TGAGAGCATGGTAAACATTGACATCTGCATGCCAAGAACAA",NA
"928",928,"ACAAACAAACAAAAACACAAACAGCGTGTGGTACACAGTGA",NA
"929",929,"CATTGAATCAGCCTAAATTGACTTCTCTTGGCTTGAGAGGT",NA
"930",930,"GGACCTCATTTCTTTTTCTAACAATGTGTGGGTTACCCTGG",NA
"931",931,"AAAGTTATTCCTGAAGAGAAACAACGGTAAGAACTTGCAGG",NA
"932",932,"GTTAATGAATAAATGCTTTGACTGGATGTGTGAACTTAAGC",NA
"933",933,"TATAATGGGAATAGTTTGAGACAGTGCATCTTCTAGACACA",NA
"934",934,"GAGACGCTGTCCCCCAAAAAACCAAGAAATCCAAATTCCCC",NA
"935",935,"CTCCATCTTCTCGTGCAAGGACCCTTTGATTACATTGAGTC",NA
"936",936,"ATAAGAATTCATCAGATAGGACCTGGAATGGTTCAGCAAAT",NA
"937",937,"TTCTGTAACATTAAGCAATAACTTTCTTTTTTTTTATGGGA",NA
"938",938,"ATATAAAATTTGCCATTGTAACCATTTTAAGTATACAGTTC",NA
"939",939,"AAAAAAAAACAAACCAACAAACAAAAAAGTATTAGAGTTAT",NA
"940",940,"TATGCCATGGTGTTTCAAAAACACGCCAAAATGATCTTACA",NA
"941",941,"TACTCTCCCAATAGTATTGAACTAATTTTAGGTTTTCATAC",NA
"942",942,"CTCCCTGGTCATTGGGAAAGACTTGGTCTACATTTAAGCTT",NA
"943",943,"AAAACTAACAACCAGAAAGGACATCTACACCGAAAACCCAT",NA
"944",944,"GAATGAAACTCTGTCTAAAAACAAAAAATAAAAGGCTCCGC",NA
"945",945,"CCTGGAGGAGGGCAGGACAAACACAACGTACAGCATTTGCC",NA
"946",946,"ATATTGATTTCTTTGTTTGGACTTTCTGTTGGAGTGAAGAG",NA
"947",947,"TTGCTGTGGATATTGAGGGGACACACAGGTTTTTAAAGCAC",NA
"948",948,"CCGACCAAAGGGAAGCAAAAACAAGGGTGCTGCCAAGACCC",NA
"949",949,"TGCTTTATGGAAAAAATGTGACATTAAATTATGGTCCTATC",NA
"950",950,"TGCCTGGCCAACGTGGTGAAACCCTGTCTCTACTAAAAATA",NA
"951",951,"GGGTATGAGTTGGTGCTCTGACTTTTATTATGTTTCATTGT",NA
"952",952,"ACATTTGGTACTTATGAGGAACTGTCACTGGATTTTTAAAA",NA
"953",953,"ATGGGACAGTTGGTTAGGAGACCATGGTCTGGGGACCCAGG",NA
"954",954,"CACGAGGTCAGGAGATCGAGACCATCCTGGCTAACACGGTG",NA
"955",955,"TCCATTGTGCAAACTCTCTGACCCTCGAACAGCACGAGGCT",NA
"956",956,"TAGGCTGGGCACAGTGGCTGACACCTGTGATCCCAGCACTT",NA
"957",957,"GAAATTCTGGCATTTAGGAGACACAAAGAGTAACTGAAAAC",NA
"958",958,"AGGGAGCGTGCTGATAGGGAACTAGAAAGAAATGGACTGGT",NA
"959",959,"AGCCGCGGCTTAAGGTACAGACATGGCCAAGTCCACGAACC",NA
"960",960,"CCTTTCCGTTCACCGAATGAACTGTGTTCTAGGTATAGGGC",NA
"961",961,"GTTGTCCAGGCTGGTCTCGAACTCCTGACCTCAGGTGATCT",NA
"962",962,"GAAAGTAGGATACACATAAGACAGGTCTAGGTCTAAATTCT",NA
"963",963,"GAACCCACTCCTCTCGCCGAACCCATACTGGAAGTAGAAGT",NA
"964",964,"ATCTAATAGTCACTAACTAAACATTTTGAGATTGAATAAAT",NA
"965",965,"TTTTTGTATTTTTAGTAGAAACAGGGTTTCACCATGTTGGC",NA
"966",966,"CACTAATAGAATGCAACTAAACTTGTGATTAAAATGAAATT",NA
"967",967,"AGAAATATTAGAATTCAGAGACATAGTTAATATTTTAGAAT",NA
"968",968,"GGACACATTAAGGGGTTGGGACAAGAAGAGACTCCTGTGAG",NA
"969",969,"CCAGGGCCACTAGACCTCTGACCCACCTGTTGCCTGGACTG",NA
"970",970,"ACCCCCCTCCTACGAAGAAGACACTGTAAGTTCTCTCATTT",NA
"971",971,"GAGTAGCTATGAAGGATTTGACATCCTGCTAGTTCGAATGA",NA
"972",972,"GTAACTTCAACACTGCTTTAACTCTATTAAACAAAGCACTG",NA
"973",973,"AGACATTTATCATGGCATTAACTATAAAAGCAGAACATTGC",NA
"974",974,"TCATAATATTTGAAGAAGAAACTTAATTCAAATGTCCACTT",NA
"975",975,"GAAATGATTATAGACAGCTAACATAAGCAGAAAATCTAGGC",NA
"976",976,"TTTACAGATACTTATTTAAGACTGACCTAAAGTATCTAGTT",NA
"977",977,"ATAAATGAATGACTCTGTAAACCTCCCTCCACTGCTGACAC",NA
"978",978,"ACTGCACTCCAGCCTGGGTGACAGAGCGAGACTCTATCTCA",NA
"979",979,"AAAAAAACAAAAAACTATAAACTGAGTTTCTCCCAAAGTTA",NA
"980",980,"ATACAATAGTCTCATTGATGACTGTAAAGTGAATTAACATT",NA
"981",981,"AGAAACTATCCACGGAGTAAACAACCTACAAATGAGAGAAA",NA
"982",982,"GCCAATAGTTACATGGCCAAACTTTCAAGAGAGTTAGGAAA",NA
"983",983,"AACAACAACAACAACAAAAAACCACATTGAGATATCACCTC",NA
"984",984,"TCTTCACCTGGATTCCAAAAACATTATTAAGATATGGCAAT",NA
"985",985,"AGCCTGGGCAACACAGTGAAACCCCATCTCTGTTAAAAATA",NA
"986",986,"AGGAGGTTATAATGGACTTAACCAGTGTTTGACAACTACTG",NA
"987",987,"AAATAGAGAAGAAAATTCAAACAGTGGTAGAATGAGGTGAA",NA
"988",988,"AACCAAAAAGCACCGCCGAGACCTCTTCCGAACCAAAGGAG",NA
"989",989,"TCCATTTGTGTTTTGCTGTAACAGAACACCCGAGGCTGGGT",NA
"990",990,"TGAGAAAGGTACAACAATAAACTTTTTAGAATAAAAAAAAA",NA
"991",991,"GTAGACATGTCTCTTCTCAAACAGAGAATCAAGCCATGGAA",NA
"992",992,"CAGGAGGCTGTGGTGGGAGGACTGCTTGAACCTGGGAGGCG",NA
"993",993,"GAGGCACGAAAGTCACTTGAACCTGGGAGACAGAAGTTGCA",NA
"994",994,"CTATTTAGTGGGCATAGTGGACTTTTTTTTTTTTTAATTAA",NA
"995",995,"CTCTGAAATGTTAAGCTCTAACTGATCCATTTCTGTGTCCT",NA
"996",996,"GACAGCAGTGCACTGGATAGACCAGTTCTCCCTTCTTGTCT",NA
"997",997,"TAGAAGGTGGTATCCCTCAAACTCTTAGTGTCAATTTGAGG",NA
"998",998,"AGCCTAGGCAACAGAGTGAGACCCTGTCTCTATATTAAACA",NA
"999",999,"AACCAAAGTTTATTGTGGGAACTGAGGTTAAGAGAGGCATA",NA
"1000",1000,"CTGTGCAGCAGGACCATAGAACTTATTGTCCAAACTGGGGC",NA
"1001",1001,"CAAGAAGTGGGTGGGCACTAACAGTACTAATGAAACTACAT",NA
"1002",1002,"AACCTGACCAACATGGAGAAACCCCGTCTCTACTAAAAATA",NA
"1003",1003,"TTCTTTTTTTTTTCCTAAGGACTGGCTCTCACTATGTTGTC",NA
"1004",1004,"TAATAAAATTGATAATCTTGACATGCAACCTGTAAAATCAT",NA
"1005",1005,"ATAAGTGTGGGCTATTTTAGACATTACCAGGGACCGGTGGG",NA
"1006",1006,"CCACCTCTTGGCAGAACAGAACCTCAGCCAATATAGGGTCA",NA
"1007",1007,"AAAAAGGTTGAATATGTGGAACTAACATATCAGATTTAAAT",NA
"1008",1008,"TACACTTCAGTTTCCAGTGAACACCAGGTCTACCAGAGGCT",NA
"1009",1009,"TTTTTGTATTTTTAGTAGAGACAGGGTTTCACCATATTGAC",NA
"1010",1010,"ATTCTCTTGCTATCATTCAGACATCCTGAGCTCTATGCAGA",NA
"1011",1011,"TCTTCATTTCTTTGGAATAAACACCCCAAGAGTGTCATTGT",NA
"1012",1012,"TTCCTCTGGCCTTTTATCTGACTCCTAAGTGGAAACAGTCT",NA
"1013",1013,"CATGAGGGATCCGCCCCATGACCCAAACACCGCCCACCAGG",NA
"1014",1014,"AACATCTAGAACTGAAAAAAACAGAAGGAAGGAAGAAGATG",NA
"1015",1015,"CAGAGAATGTGAAAACAGAAACATCTGCCATTAAAGGACTC",NA
"1016",1016,"ATGTTATTAAAGACCAAAAAACAGACGTGTACAACATTAGG",NA
"1017",1017,"GCACAAATGATTTAGACATAACTTTACAGCTGCTTACCTGA",NA
"1018",1018,"AGACATGGCCAATTTATAAAACCTGTTCTGAGGTTTCCAGT",NA
"1019",1019,"AGAAGTGTTATGCTAAGTGAACAAAGTCAGATGTAGGAGGC",NA
"1020",1020,"CTCCTCTAGTTAAATATCTAACAATATAGGATCCTAAAATC",NA
"1021",1021,"ATGTGTAGAGTTATTGAGAGACACAAGGGTTTAATGGTCTT",NA
"1022",1022,"CAGATGATCCACCTGCCTTGACCTCCCAAAGTGTTGGGATT",NA
"1023",1023,"TCTCATCAGACCAATTGAGGACTTTTCAGCAGAATTCTTAC",NA
"1024",1024,"TGCTTGATAGTCACCAGTTGACACTGTTGGAAATGCTGGGG",NA
"1025",1025,"TCAGTGATACACAGCTCTTAACCATGAACAGTGATTCTTCA",NA
"1026",1026,"TGAATAAAGCATATTAAATGACTGACTGAAGGTTTATTCAC",NA
"1027",1027,"GTTTGTGATATAAAAACCAAACATAACTCTTGGGATGGACG",NA
"1028",1028,"TTTCCAAAATTAACCTTTAAACTTAAAATTGATTACATTGA",NA
"1029",1029,"CGATCAGGCACTTGCCAAGAACCACATTTAGCCTCTGAGTC",NA
"1030",1030,"TCCTCACTCAGCGTCTACAAACTGTGGATTTGCAGCTAAAC",NA
"1031",1031,"CAGAAAATAAAACAACCTTAACTTCTCTACAGAGGAGGATT",NA
"1032",1032,"ACCTTAAAACACTTAGCAAAACTTGCATCTGACCTGCATTT",NA
"1033",1033,"TAACCAGCTTGCTCAGGGTAACATTGTTAGCAAGCAGCAGG",NA
"1034",1034,"ATCTCAACAGTGGATTTGGGACTCTTCTCTCTTGAGTGCTA",NA
"1035",1035,"GCAATCGGGTGAAATGTGTGACCCCTTCTTAAAATATTTCC",NA
"1036",1036,"GTTGACCAGGCTGGTCTTGAACTCCTGGCCTCAAGTGATTC",NA
"1037",1037,"CCAGAGACCTCCTTCTGGAGACCTCATGGTCTCCTCCTTCC",NA
"1038",1038,"CAGCCTCCCGAGTAGCTGGGACTACAGGCGCCCGCCACCAC",NA
"1039",1039,"ATAACAATGAATAGGAGCTAACACAAACGGGTAAGTGTAAG",NA
"1040",1040,"GAGGCAGGAGAATAGCTTGAACCTGGGAAGCAGAGATTGCA",NA
"1041",1041,"GGGTGGGCTTCCCATTTGAAACTGGCTCTGTGAACGGGAAA",NA
"1042",1042,"GCAATATAGAAAATCAACGAACAAAAAGTTGTTTCTTTGAA",NA
"1043",1043,"CCATACCAACCACTTGTGAAACTGAGTAGTCTTATTTTCTG",NA
"1044",1044,"AGACTGGTTTTGAAGGCCTGACTTCAGGTGATCCACCTGCT",NA
"1045",1045,"ACAAAGCATTAATATACAAAACATGCTAAAATTATTTTAAA",NA
"1046",1046,"TTTATCTCATAGCAAGATTAACCTTTTCAGTCTAGGAACTG",NA
"1047",1047,"TTTCCTTTGGGTTACTAAAGACTTTGCTGCTTTTCTGATTT",NA
"1048",1048,"GGAGGTCGAGGCTGCAGTGAACTGTGATCGTGCCACTGCAC",NA
"1049",1049,"CCTGGAACTTCCATGCTAAGACAAGTCCTTAACTGTACTTT",NA
"1050",1050,"CTGTGTCACTGCAGGACTGGACCCTAAATGAAATTTACATC",NA
"1051",1051,"CTTTTCCAACTATGGACAGGACAGGTGCTCATGCTGATTCA",NA
"1052",1052,"AAATTACATTATCTTGAAGAACTGCAGGAGTTGAGTATTCC",NA
"1053",1053,"AGGATGGTCTCAATCTTTTGACCTCGTGATATGCCCGTCTT",NA
"1054",1054,"AAGATACTTCTGTCTGAAGGACATCAGTGAATCTAAATTGC",NA
"1055",1055,"CCTGTGTTTACATTTATTTAACCCTCACAACAACCTACAGA",NA
"1056",1056,"TTCTTTAACTTGGGCTCTAGACCTATGTCTGGTTTCCCACG",NA
"1057",1057,"AAACAAGCAGGGGTGTTTGAACCAACCATAGTTAAAGTTAA",NA
"1058",1058,"ATGTTTATAAGAGAATTATAACCCAGTGTAACCCAGTGTAG",NA
"1059",1059,"AGTATTAAGTAGACTCTATAACAGTATATGAAATCATATTT",NA
"1060",1060,"TAAAAAGAAAAGTTACAGGAACAAAGAGAGGAAGGATGTTA",NA
"1061",1061,"ACAAACCTGTACAGCATGTAACTGTAGTGAATACTGTGGGC",NA
"1062",1062,"AATAAAAATCGTAAAAACAAACCTTGAGGTGGTCAGACTTC",NA
"1063",1063,"GAGGATGTGGAGAAGCAGGAACTCACACCATGCTAGTGGGA",NA
"1064",1064,"ATCGATTGGAGATGGAAAAGACTTGAGAATGACACTCGGGT",NA
"1065",1065,"AGAGTCAGTTATAGCCATTAACATTGAATGCTTATTATGCT",NA
"1066",1066,"TGGTACCGTAAAGCCAAATAACATGGCTGGGATTCTTTAGA",NA
"1067",1067,"CTAAATTGTTTTTTTAAGAGACAGGGTTTCACTATGTAGCC",NA
"1068",1068,"TATTTTTAATTAATGCCTTAACTATATTATTGGCTGTTGCA",NA
"1069",1069,"GGCTTTACCAGTTTACATAGACACCATGGCATATGAGGCTG",NA
"1070",1070,"CAAAGGAAAAAAAAAAAAAAACTTTAGAATGTTTGAAGTAT",NA
"1071",1071,"GTTGCCCAGGCTGGTCTCGAACTCTAGGGCCCAAGTAGTCC",NA
"1072",1072,"ATACACACTTTATTTTAAAAACTGAAAAATGTTAATGATCA",NA
"1073",1073,"AGCACAGCAACGCAGCCCAGACTCAGACTGGGGAAGCAAAC",NA
"1074",1074,"TATAGTTGTTAGGATAAAGAACCTTATTTTATAAGAAACAT",NA
"1075",1075,"GTATATTATTTTTTCTTGTGACTGTTCTATTAAGTAGGTAG",NA
"1076",1076,"CATGGATCTTCTCATGGATAACCTTGAGGTCATTTGAGGAA",NA
"1077",1077,"TTAGCTGGGCGTGGTGGTGGACACCTGTAGTCCCAGCTCCT",NA
"1078",1078,"TAGTTCAACCATTGTGGAAGACAGTGTGGCGATTCCTCAGG",NA
"1079",1079,"CAGCCTCGCGAGTAGCTGGGACTACAGGCGCCCGCCACCAC",NA
"1080",1080,"ATTATTATTATTTTGTAGAGACAGAGTCTCACTCTGTCACC",NA
"1081",1081,"GACATTTATGCAGCCAACAGACATATGAAAAAATGCTCATC",NA
"1082",1082,"AAAAAAAAAAAAAAAAAAAAACATAGTAGTAGAATTGGTTT",NA
"1083",1083,"GATCTCACTATGTTGCTCAGACTGGACGTGATTGAACTCCT",NA
"1084",1084,"CTGCCTTCAGCAGCACCGAGACTGGCTCTGCGGAGGTGAGT",NA
"1085",1085,"CAGCCTCCTGAGCCGCTGAGACTACAGGCACATGCCACCAT",NA
"1086",1086,"TTGGGTGAGGACACAGCCAAACCACATCACTCTAAGTATAA",NA
"1087",1087,"TTGGTTATCTGGTCCTTTAAACCAAAATCATAATGAAATAT",NA
"1088",1088,"TGAAACTCAAAGAAGGTTAAACTGCTAAAAGCAAAGGCATA",NA
"1089",1089,"TTCTGTGAGAGTGAACGAAGACTTCTGGTTTATGGTAAGCA",NA
"1090",1090,"TGAAGTGTTTTCTAAATAAAACCTTTTAAAAAGTGATAGTG",NA
"1091",1091,"TTACTTGATGGTGTTTATGAACATGCCGTAGTGCCTTTATG",NA
"1092",1092,"TCATGGTATTTAAATCATAAACCCTAAAATAAAAAAAAAAA",NA
"1093",1093,"ATTGGTCAGGCTGGTCTTGAACTCCTGACCACCCACCTCAG",NA
"1094",1094,"GCATCTTAACATGGTTAAGAACATATATTCTGTTGACAGAA",NA
"1095",1095,"TTTAAGGCCAGAAGTTTGAGACCATCCTGGGTAACATAGCG",NA
"1096",1096,"AGGCTGGTATCGAACTCCTGACCTCGTGATCCACCTGCCTC",NA
"1097",1097,"GGTTAATAACCCCGAACGAGACTGGGGCTGGCGATCCCTGC",NA
"1098",1098,"GAGTCAGGAGAATCACTTGAACCCGGGAGGCGGAGGTTGCA",NA
"1099",1099,"GCCTGGGCAACAAGAGAGAAACTCCATCTCAAAAAAAAAAA",NA
"1100",1100,"GACTGTTAGACTTCATGGGGACAAAATTGTTATTGGTTAAC",NA
"1101",1101,"TACTTCCAGTTCTGGTTAGGACTTTTCATTTGAGACAGCTA",NA
"1102",1102,"GTTTTAAAGACGAAGTCTTAACTCTGTCACCTGGGCTGGAG",NA
"1103",1103,"TGTCTCCAAAAAAAAAAAAAACTTGATGAACTTAATCTATA",NA
"1104",1104,"AAGGCCATGCTTTTAATTAAACACATTATTTCTATAGTAAA",NA
"1105",1105,"AGGTGGAGCCTCCATGTTGAACATACCTGGCTTCCAAGTGG",NA
"1106",1106,"TCTGAGGTCGGGAGTTCGAGACCAGCCTGACCAACAAGGAG",NA
"1107",1107,"TTTCTTGAGAATGGTGACAGACTTAAATTTTAGAATTATAA",NA
"1108",1108,"TGCTGGGTTTATAGGCGGGAACCACCACAGCTGGCCCAACA",NA
"1109",1109,"AAGTATACATAGGGGTGGGGACTGGGGATGTATTTTTTTTC",NA
"1110",1110,"GAGGTGGGAGGATCACTTGAACCTAGGAGTTTGAGGCTACA",NA
"1111",1111,"ACTGCACTCCAGCCTGGGTGACAGAGCGAGACTCTGTCTCA",NA
"1112",1112,"TTGTTTGTTCTTTCTACCAAACAGCTATAGCCTGAGTATTC",NA
"1113",1113,"GAGGGTGACGCAGTGTAGAAACTTCCCACACACTTCCCAGA",NA
"1114",1114,"AAAACCAAAACAGACCTAAAACCAGACAGCCAAACAGCTCA",NA
"1115",1115,"TATTGGTGAGAAAGAGTGAAACTTTTATGTTCCTTAAATTA",NA
"1116",1116,"CTATTTGGTTGGCCAAGGTGACATTTGTCTTCCTCCCTCAG",NA
"1117",1117,"AGAAAACCTGGGCAGCCAGGACCTCACCCGTCTTTCCTCCC",NA
"1118",1118,"TACCATCTTGTGGCAGACTAACCATTTTATATTTCAAAAAG",NA
"1119",1119,"TTTCTATCCTGATTGACTGAACCTTAATGTCCTTCTCTGTC",NA
"1120",1120,"AAGTATTTGGAAAACCAAGAACATCAATAACAAAACCCACC",NA
"1121",1121,"TCTGCTATGCAACCAAGGAAACCAGGATATTAACAGTAACC",NA
"1122",1122,"CACCACTGCACTCCAGCCTGACAACAGAGTGAGGCTCTGAT",NA
"1123",1123,"TTTCATTTTTTCTTTAAGTGACTGTTTGATTTCTATTATAC",NA
"1124",1124,"ACTGCACTCCAGCCTGGGTGACCGAGTGAGACCTTGTCTTA",NA
"1125",1125,"GGTCCTCGTTACTCCCTGAAACACAATATTGAAATTAGGTC",NA
"1126",1126,"AGAAATATACAAAACTGTAAACTGTTGTGCTAAATTAGTGG",NA
"1127",1127,"CCTGAGGTCGGGAGATCGAGACCATCCTAGCCAAGATGGTG",NA
"1128",1128,"TTATCCACAAAACTATTTTGACCTGACCCCTTGGCCAGACC",NA
"1129",1129,"AAGGAAATCTGAAGATAAAGACATTCTACAAGAGAATCTAA",NA
"1130",1130,"GATCGAGACCATCCTGGGTAACATGGTGAAACCCCGTCTCT",NA
"1131",1131,"AGTAGACTCTTGATTTCTAAACCTAACATGTTTTATCTATT",NA
"1132",1132,"TGATTGTCAAACTTAATTTGACTTTACAATTACATGGTTTT",NA
"1133",1133,"GTTACCAAGGCTGCTCTCAAACTCCTGGCCTCAAGCAATTT",NA
"1134",1134,"GCCGCCGCGCCGCCCCGCGGACCGGACGCTGAGGGCACTCG",NA
"1135",1135,"ATAATTTTCCTTCTCTCTGAACTACTTTTAACATTTCTGGC",NA
"1136",1136,"ATTTTGTATTTTTAGTAGAGACAGAGTTTCTCCATGTTGGT",NA
"1137",1137,"ATGGCCTGAAAAAGGACAGGACACTAAGAGCTGGCTTCAGA",NA
"1138",1138,"TGTTTCTCCATGTTGGGCAGACTTGTCTTGAACTCCCGACC",NA
"1139",1139,"GTTGTAATGGTGATTTTTAAACATAAAAACAAGGATATCTA",NA
"1140",1140,"GAGGCAGGAGAATCGTTTGAACCCGGAAGGCAGAGGTTGCA",NA
"1141",1141,"CTGAATTGTATGTCCCCAAAACCACCTTGTTGCATCACTCT",NA
"1142",1142,"GTAGAGATGTCAGGCGGAGGACACTTGGCTTTCTGGGGCTG",NA
"1143",1143,"CTCCGTCTCAAAAAAAAAGAACAATACTTAGATACATGCTA",NA
"1144",1144,"TCTCTCTGCTGCGCTCCTGGACTCTGCAGGAAGAGGGTGTC",NA
"1145",1145,"GTGACAAGTGTACACATATAACCAAGTGAGCAACACTCCAG",NA
"1146",1146,"AAATGGAAGTTAACACAGGAACAAGGTGTATTAGTCCATTC",NA
"1147",1147,"TTTGCAGAAAATGAGAAAGGACAATATATATCTCCATTTCA",NA
"1148",1148,"ATCCTGGGCAACACAGCATGACCTTGTCTCAAAAAACAAAA",NA
"1149",1149,"AAAGAGAGCAACATCATCTAACTGCCCTACAGATCTAATAG",NA
"1150",1150,"GTATGCTACCAGTGGTTGGAACCTAAATGTGATGCCGGTGT",NA
"1151",1151,"CCGAGGGTCTGGCAAAGTAGACATGGGTCCGACTAAATACA",NA
"1152",1152,"TTTGGTTCTTTCTAGTTTAAACAGTTCCATTCTTATGACTG",NA
"1153",1153,"ATCCCGGCTAAAACGGTGAAACCCCGTCTCTACTAAAAATA",NA
"1154",1154,"GAGGCAGGAGAATTGCTTGAACCTGGGAGGCAGAGGTTTCA",NA
"1155",1155,"GCCTGTTTGCCCTGGCCAGAACTTCCAACACTATGTTGAAT",NA
"1156",1156,"CACTTAGGCAGCTGGCAGGAACAAACATATCCTCTCTGGAG",NA
"1157",1157,"AGAGTAGCAGTGGTTAGGTAACAGGTCAAATCACAGGTTTC",NA
"1158",1158,"TTTTGGGGATGTGGAAGAGGACTAGGGATTGAATTTCTGTT",NA
"1159",1159,"AAGGCGGGCAGATCACTTGAACTCATGAGTTTGAGACCAGT",NA
"1160",1160,"CTGCAGCCTCAAACTCCTAGACCCAAGCAGTCCTCCCACAT",NA
"1161",1161,"GAGGCAGCAGAATCCCTTGAACCTGGGAGGCGGAGCTTGCA",NA
"1162",1162,"GCTTCATACCCCAGAACCTAACATCCTTCAAGAATTCCACC",NA
"1163",1163,"TTTATTTCATCTGCTGATGGACACTTAAGTTGGTTCTTTGT",NA
"1164",1164,"CCTGGTTTTTCTCTGTGGAAACTTTCTGAATGTCATCTCTG",NA
"1165",1165,"AGTCATCCTTAAGATGATTGACTTTTTAGTGGCTCTGTCAT",NA
"1166",1166,"TTTGAACTGTAAGGCTCAAAACCTTCCCTATTGATTGCTTT",NA
"1167",1167,"GGACCAAATCAAAGTGGCTAACCTTGCCTTACTCCCACTGG",NA
"1168",1168,"AACAGGCAGTTTTCCTAATGACTCTTCCTTTGTTTGATTTA",NA
"1169",1169,"TGAGTTCCACTTGAATCAGAACTTCTCACACACCTCTGATC",NA
"1170",1170,"TTTCCTTGGGGGTCAAGGGAACTGTGGGAAGAGGGAGGTGT",NA
"1171",1171,"CCCCCAGGCCACCCCCTTGAACACCTTTTTGACCACTATTT",NA
"1172",1172,"CTTTTTTTTTTTTTTTTGAGACAGAGTCTCTCCCTCTATTG",NA
"1173",1173,"TTTTAAAAGTTTCATGGTGAACCAGTGAATAAATACCCCAT",NA
"1174",1174,"CTTGAGGCCAGGAGTTTGAGACCAGCCTGGAAAACACAGTG",NA
"1175",1175,"TCAGCTGTTATGTAGGAAAAACAAAATTTGTTTTTTTTCAG",NA
"1176",1176,"CAAATCAGCTGCACCGTTTAACATTCCCACCAGCAATTGTA",NA
"1177",1177,"GTTCTTAATACACGATGTTGACAAGCAGTATGGTGAGGAGG",NA
"1178",1178,"TGTACTTTTAAGAATAAAAAACTGGCCAGGCACTGTGGCTC",NA
"1179",1179,"TACAGCATGTAGTAGGGTTAACTTTGATAATGATCTTGACT",NA
"1180",1180,"TTGTAATTGGCAAATTTAAAACATTTGCATAAATCCAAGAT",NA
"1181",1181,"ATTCATTCACCAGTTAATAGACATTTGAAGGTATTTCTAGT",NA
"1182",1182,"TGATTTGGTATAAAAAATGAACAAACCTGATAATTAGCTGG",NA
"1183",1183,"CCACCTCTTAACAACACCAGACTTGGAGGGGACATTGAAAC",NA
"1184",1184,"TGCCCACAACAGCCTTCTAGACTTTTCCCTACCCTGCCCTG",NA
"1185",1185,"TAATCCTAGCACTTTCGGAGACCGAGGTGGGCGGATTGCTT",NA
"1186",1186,"GTCTGGGAAAAGATTTTATGACTGAGACCTAAAAGCACAGG",NA
"1187",1187,"CGATTTCTTATTGCTTGTTAACATCCTTTTCTTTCGGATTG",NA
"1188",1188,"TTTTATCTTTGACCACTTTGACCATGTTGATATTTTGTTGT",NA
"1189",1189,"TTAAATGCACTCTTAATATGACCACTTGTATGGTTTGTTTA",NA
"1190",1190,"CTCTAAAACATGATTAAAGGACATTAAATAATAAATAAATG",NA
"1191",1191,"CTGCTAGCCCCATACCCCGAACCAACCAAACCCCAAAGACA",NA
"1192",1192,"GTTGCCCAGACTGGCTTTGAACTCCTGGGCTCCAGTGATTT",NA
"1193",1193,"AACAAAACAAAACAAAACAAACAACAACAACAACAAAAAAA",NA
"1194",1194,"CAGGTTTGTTACATAGGTAAACTTATGTCATGGGGGTTTGT",NA
"1195",1195,"CTCTGCCAGTAGAGAATGGAACTGAGGTCTCTATTGAAAAA",NA
"1196",1196,"CAGAGAGTATGCAAAATGAGACAGGTACATATATATACATA",NA
"1197",1197,"CCTTGTTCACAGATGACATGACCTTATACTTAGAAAAACCT",NA
"1198",1198,"GGCTGGTCTTGAACTCTTGAACTGAAGTGATCCTCCCACCT",NA
"1199",1199,"ATTCTATACAGTGCATTGAGACTGTAATGAATTGCTACTAT",NA
"1200",1200,"CCACATCTCAAGTGCTCGAGACTCTGCTCTCCCAGGAAGCC",NA
"1201",1201,"AAAATGCTTTATTGCTAAAAACTGCTAATGATCATCTGAAC",NA
"1202",1202,"ATCCTGGCTAACGCGGTGAAACCCTGTCTCTACTAAAAATA",NA
"1203",1203,"AGCCTCTGGCCATAGTCTGAACTCAGACCCTACAAGCAATG",NA
"1204",1204,"TTCAAATCCAGAACGTTAAAACCAACCCATGGTTTTTGTAC",NA
"1205",1205,"GTAAAGCTGGTTGAAGAAAAACTGCCATTTATTGGCCCACG",NA
"1206",1206,"TTACTTGTTGGGATTTTAGGACAGGTTTGTTTACTTAAAGT",NA
"1207",1207,"GAAGAGAGGAAGGATTGGGAACTGATCCTGAGGCTAGTGTG",NA
"1208",1208,"ATATTTTAATTCTTTCAGAAACTACCAAAGTGTTTTCCAAA",NA
"1209",1209,"GAAAAGAAGACCCCCAGCAAACCACCAGCCCAGCTGTCGCC",NA
"1210",1210,"GGGGAGAATAAGTGCTCTTAACCGAAAATAAAAATGAAGCT",NA
"1211",1211,"TGGAAAGGGAAAGAAACCAAACCCGGACTGCTGGTTCAGGG",NA
"1212",1212,"TAGCTTAGTTTGTGCTGAAAACCAGAGCACCTACTCAGTAT",NA
"1213",1213,"CAGCCTCCCAAGTAGCTGGGACTACAGGCGCCCGCCACCAC",NA
"1214",1214,"TAAGAGTTGGTAATCTGAAAACTCTGATTTCCAAATTTGTG",NA
"1215",1215,"ACAGTCACTCCTGGCGGCAAACCAAACAAAACCAGAGTCAT",NA
"1216",1216,"GAGGCAGGAGAATCGCTCGAACCCAGGGACGGATGTTGCAG",NA
"1217",1217,"TCAGCAGTTTATATTTTATGACATAGAAAGTTTATCTTGCT",NA
"1218",1218,"TATAAAACAAGCAAAACAAAACAAAACACCGTTCTTATTCC",NA
"1219",1219,"GAAGGAGAATATATTAGTTAACATTTAAAGTCTTTTAAAAA",NA
"1220",1220,"GGCATGGCTAAATCCAAGGGACTTTACTGTCATCAGGACTC",NA
"1221",1221,"GTTTATTTTTGTCATGAAAAACATCTTTATCAATAAGATTA",NA
"1222",1222,"AGACTAGTAGAATAGGGGAAACCACATACTGCCCATTCCTC",NA
"1223",1223,"ATGTAAAAAGTCCTCGTCAAACCAAAGGTTACTTGGATTTT",NA
"1224",1224,"TGTGCATTATATCTAGAAAAACAATATAGACACCTTTATTT",NA
"1225",1225,"AGCCTGAGCAACATGGAGAAACCCTGTCTCTACTAAAAATA",NA
"1226",1226,"TAATAACCTCTGAGAAACAGACAAGAATATGGTGAAACCAA",NA
"1227",1227,"TGGCTATGGACAACACTATGACATGAAACATACTAGCAAAC",NA
"1228",1228,"CAGACATTATCTATATAGGAACATGGAAAGATTATGACACA",NA
"1229",1229,"GGCTTTTGTACTGCATCAGAACATGGTGAAGAAGGACAAAG",NA
"1230",1230,"AATTAAAGGGGGATGAGGGAACAATTTCTTGACACTTTGAG",NA
"1231",1231,"CCCCCTCTTTTAAAAGCTAAACTAATTTTCTGTCTGTTCAT",NA
"1232",1232,"GTTGGCCAGGCTGATCTCGAACTCCTGACCTCAGGTGATTC",NA
"1233",1233,"GTATGGCACTTGATGTGTAGACATGTCAGAGCTTGGCCCTC",NA
"1234",1234,"GTTGGCCAGGCTGGTCTTGAACTCCCGACCTCCAGTGATCC",NA
"1235",1235,"ATGAGAAAAGAAACAAATGAACAAAAAGTGGAGATAGCGCC",NA
"1236",1236,"CTTATCTTCTCACTCAGAAAACCTATTCAGCAATCTATCAT",NA
"1237",1237,"GTAATGAATGCTTTGAGGAAACTGGTTGAGAAGGGAAAGAA",NA
"1238",1238,"TGTATGAAGCTTGTCCTCTGACTAGGTTTCTAATTTCTATG",NA
"1239",1239,"ATTAATTCAGATGTTTATAGACATTCTAGCATAAAAAAAAA",NA
"1240",1240,"TTCCTCTCTTATGATTGAAAACCTTGGACTCTCAGAACTTC",NA
"1241",1241,"TCCATACCTGACCTTCTGTGACCGGTTGCAGTCAAAACTTT",NA
"1242",1242,"AACAGATACGTGAATTTTAGACAGTGATTAAATATTAGCAA",NA
"1243",1243,"CGACTATGAAAGCGTTCATGACTCCTTGAAATACTAAAAGA",NA
"1244",1244,"AGGTGAACTTGGTGTAGGGAACTGCCCAGATTAAATCCCAG",NA
"1245",1245,"TCGAACCTGGAAATGCTGAAACAGTGGTTTTTTTTTTTTTT",NA
"1246",1246,"ATTAATATACCTACTCCAAAACTTTGGCCACATCTTTCCCC",NA
"1247",1247,"TTGCAAGAGAAAACATGTAAACATCAAATACTTCATTTGAT",NA
"1248",1248,"CACTGTTATCTTTTGTATTAACAGACTTTTGGCTTTGAATG",NA
"1249",1249,"TACTGCATTCGGATAGATAAACTCAAATAAAAAGGCCTGAG",NA
"1250",1250,"GTTCCACATTACTGGACCAGACAGACTATAAAGTAACCTAA",NA
"1251",1251,"TTACTACATGGCAGTTGTTAACTAGTTGTCTGGCTTTTATC",NA
"1252",1252,"TCCCTAGCAAAATACCAATGACATTCTTCACAGAAATAGAA",NA
"1253",1253,"CCATGACAAGAGGAAGACTGACTACAGGTGCCCTGTCAGCA",NA
"1254",1254,"TAATAACATACATTTTCAGAACAGTACTGGATCAACCTCCA",NA
"1255",1255,"GGATAATTCTTACTTTGAAAACCTAAAGACTCAGCATCTGG",NA
"1256",1256,"AACTGGACGGGGGGAGGTAGACATTTTAATTAAATAGGATG",NA
"1257",1257,"CAGAAATCAAATGAATATAAACTAAGACTTTGTTTTCGATG",NA
"1258",1258,"CAGAGTGGCAGTATTAGAAGACATGGCCGTGTTGGCACATG",NA
"1259",1259,"GTCTTGGCCAACATGGTGAAACCCCGTCTCTACTAAAATAC",NA
"1260",1260,"GTTGCCCAGGCTATTGTCAAACTCCTGGGCTCAAGAGATCC",NA
"1261",1261,"TTTTTACCCTAAGCTCAGGAACTACTTTTCATCAGTTTTAT",NA
"1262",1262,"TGGAGGGGCTGTCATTTAAAACAAGGTACCAGGCTCTGTCT",NA
"1263",1263,"ATCCATATCAGGTTGCAGTAACAAAATACTGTAGAATATGT",NA
"1264",1264,"ATCCTGGCTAACACGGTGAAACCCCGTCTCTACTAAAAATA",NA
"1265",1265,"TAGCAGGCCGACACCTTGTAACATCTCTCTGGAGTGTAAAG",NA
"1266",1266,"GGTTCGATTGACTGGTTCTAACAGAGACCAGCTATAGAGCT",NA
"1267",1267,"AAACAACCTAATTTTAAAAGACTGAAAATGCTTTGGCAGAA",NA
"1268",1268,"AAACAAACCTTTGGAGAAAAACAAAGCTTTTTTTTCTTCTA",NA
"1269",1269,"TTTCCCAAGTGATTCATAAAACATAACACCTCATATTTTTC",NA
"1270",1270,"GAGTTTGTTTCTTCAGGTAGACTTGTATATGTACTAATCTC",NA
"1271",1271,"TTGGGATACACAGAAATGTGACACATTTCAGAGCTTCTAGA",NA
"1272",1272,"TCAAAACAAACAAACAAAAAACCAAAAACAACAACAACAAA",NA
"1273",1273,"TTATGAGTTAGGATTCCCTGACAAATATACGCTAATAAATG",NA
"1274",1274,"ACTAGGATGTTGTATAGAGAACAGGGACTCTGTGTTCACTG",NA
"1275",1275,"GAATCACTTGAATTCGGGAAACAGAGGTTTCAGTGAACCGA",NA
"1276",1276,"TGGTTTCTTAAATATCTAGAACAGTGAATTGAAACTAACAA",NA
"1277",1277,"GGCTCAGGTACTGAGGTGAGACCAAACAAAACTGTGGCCTG",NA
"1278",1278,"TTTCTTTATTTTTGGTAGAGACAGTGCCTTGCTGTGTTGCC",NA
"1279",1279,"GGAGGCAGGCATGGAAAATGACACCCATTTTAGAGATAAGG",NA
"1280",1280,"CACTCCTAAATTGCTGGATGACTGAACTTTGGATTTTCTCT",NA
"1281",1281,"CATAACGTTGGCTGAGATTGACAAAAGAGGATTAAATAAGT",NA
"1282",1282,"AGGAAGTGAATGGGCAAATGACACCACTCACTGTGATTGGG",NA
"1283",1283,"TTATACATATTTTCATCAAAACTTAGAGCCTTCTTTCTTTC",NA
"1284",1284,"GAGTTTAGGGTGAAGAACTAACACATGTAGGATCGGGGCAT",NA
"1285",1285,"TCACTCAGGCTGGACTGCAGACTAGTTCAGGGTGAAGCTCC",NA
"1286",1286,"CAGCCTCCCGAGTAGCTGGGACTACAAGCGCCCACCACCAC",NA
"1287",1287,"TACAGTCTTATTAGTCAAGGACAAAGAACAGAGCTGATGAA",NA
"1288",1288,"ATTTTACCAATAATCCTAAAACTGTCTTTATTTCCCAAAGA",NA
"1289",1289,"CTTTAAAAGTATTATGGTGAACATGGAAACATACTAGTCAT",NA
"1290",1290,"ATAAAAGGTTAAAATGTTTGACACCAATGATTCTTAATAGT",NA
"1291",1291,"TGTAAAGTTATAAATGGAAAACCAATGCACTGTTACCTTCT",NA
"1292",1292,"TCTCTCATTTAGCTCTCAAAACAATGGAGATAAGTTGTTAT",NA
"1293",1293,"CAAGTTAATTTATACAAAAGACCTAGCATAGTGTCTGAAAT",NA
"1294",1294,"GGGGAATTCAATGATTTTGAACACATCTCGACTGTTACTTA",NA
"1295",1295,"TGAAAAATTCATGTAATAAGACCCTGGCACACCACCATTAT",NA
"1296",1296,"AGCCAGATTGCTTTGTCTTGACCAGGAATTCTTAAAATGAG",NA
"1297",1297,"ATCAGAGGATGCATTTTTTAACTGTTTTATTTTTTGAAAGC",NA
"1298",1298,"CATGACTTGCAGTCAGTGAGACTAGGGTCCAACCAAGATAA",NA
"1299",1299,"TGTGTGTGTATGTGTGTGTGACTTAGACCATAAGCTCCACA",NA
"1300",1300,"CTGGATGTGGTCTGCCTTGAACCCCATGGACACCATGAGCT",NA
"1301",1301,"TATTTATTATTTCGTGCTAAACTGCTTATAAATTATTTTCT",NA
"1302",1302,"CAAGCATATTTCTTTTAATGACTCCAGTAAAATTAAGCATC",NA
"1303",1303,"GTTGGCCAGGCTGGTCTTGAACTCCTGACCTCAAATGATCC",NA
"1304",1304,"CATTGGCCACCAGGAAGGAGACATAGGATGGGGCGCTGCCT",NA
"1305",1305,"AGTTCCCGACTATCAGCGGAACCTTCAGAAAAGATCTCGAA",NA
"1306",1306,"GATTTATAAGGAGGCAGTGAACATGTAGTTGTATACTAATA",NA
"1307",1307,"GTTGCCCAGGCTGATCTCAAACTCCTGGGCTCAAGCGATCT",NA
"1308",1308,"CAAGGCAGGGCAGAGGCAGGACCAGATGGCCGTTTGAGGTG",NA
"1309",1309,"TAATATTTTGAATATAGCAGACTTACTTAAGGAAAATAGCA",NA
"1310",1310,"AGTCCTCAGAGAGCCCTAAAACCCTAGCTAACCCTACTCAG",NA
"1311",1311,"CTCATCCACACAGATCCTAGACCCACCGCTCCTCCCATGTG",NA
"1312",1312,"TGGTAATCCGTTAGGCTAGGACCACCCTTCTTGGGTTCCAG",NA
"1313",1313,"ACTGATCTAACAGGATTTAAACAAGTACCCTGGAGACAGAT",NA
"1314",1314,"GAGAGAAGTGAGGGACTAAAACCTTGGCTAAACTTAAGCAT",NA
"1315",1315,"AGAAGCAGACCACGAAATGAACTTCGGCTGTCACCTGCGGT",NA
"1316",1316,"AGGGAGTGTAAGAGAAGGGGACACAGAGATGGCTAGAGCCA",NA
"1317",1317,"GCAGACACGGCATCAATTAAACCGTCAGCGTTCACGTCACC",NA
"1318",1318,"AGGCTGGTCTCAAACTCCTGACCTCAAGTGATTCGCCCGCC",NA
"1319",1319,"ATTTTTTGTTTGAAAAGATGACATGAAGATTTGAATTAAGG",NA
"1320",1320,"AAAACAATATAAAATACATGACTCCATCTCAAAAGGTTTAT",NA
"1321",1321,"TTGTTACGGTTAAGATGATAACTTCCATAATTAATTTTTCA",NA
"1322",1322,"ATTAGTAAAATTATCTTTAAACATGAAGGAGAAATAATTTC",NA
"1323",1323,"GGTAATATAATATAAATAGAACTAGAAAATTAAATAGAAAA",NA
"1324",1324,"TAGATCTGTGGTGGATCTTAACAGTCTAGTGGTGGAGACAA",NA
"1325",1325,"TTAATGCATGCTGTGAAATGACTGTTCAGAAAGGTTTTAAA",NA
"1326",1326,"AGATTAATATTTTTTAAATAACCAAAAACTGATAGTTAATC",NA
"1327",1327,"AGGCTGCTGGGAGGAGTTTAACTCAGGCAAACCCAATCTGA",NA
"1328",1328,"CTGATGCATCTGCCCCCATGACCGAAACACCTCCTACCAGG",NA
"1329",1329,"ACATGCATTTGGACTTTGGGACCACTCTTAATATCCGAATG",NA
"1330",1330,"CCCTGTAGATATAATGTGAAACCTTTAAACTGATTGTACAC",NA
"1331",1331,"TGTATTTTATTTTGAGGGTAACAAAGAATGCAATATAAGGG",NA
"1332",1332,"GGAAGGCGGACTTGAACAAAACACTTAGACTGTGGATTAGG",NA
"1333",1333,"CTATCGGTGCCATTTTTCTAACAGCATGTGCTCACTTTGTG",NA
"1334",1334,"CACAAGTTCAAGAGATGGAGACCATCCTGGTTAACATGGTG",NA
"1335",1335,"CCCACTAACAAATCTCCCTGACAGCCATCCAGCCGTATGAT",NA
"1336",1336,"ATGATCTCTGGCCTCCTGGAACTACAATCTGGCATGTTCAG",NA
"1337",1337,"GCAAGGGACTGACAAATATGACAATGACGAGATTTTCTACT",NA
"1338",1338,"TGTGCGGAAGTAGAGGAGAAACCCTGATTGGACACAAATAG",NA
"1339",1339,"TATCGTACAGATAATCTGAAACTAACACTGTTGTCTACTTT",NA
"1340",1340,"ATCCATTCATCTGTTGATGGACACTTAGGTTGCTTCCATAA",NA
"1341",1341,"GAGTGTGTCACTGGATTTTGACTCCTTATTGATTCATTGTA",NA
"1342",1342,"TTCATATTTCGCCAGTTTTAACATGCATTATTTGTATGTAT",NA
"1343",1343,"ACGTCATTGTGTGGTGCATGACTGTATTTTAATTTGATTAT",NA
"1344",1344,"CAAACTAGGAGGAGGTTGTAACTTGGACTCTATAAAACCTT",NA
"1345",1345,"ACACAAGTCGTTGTCACATAACCCCCTTATAACAAACCCAA",NA
"1346",1346,"GAATGTATGCTTTGGAAGTAACTTTGTCCAATACTGTCATA",NA
"1347",1347,"CCCATCTTGTGCTTGTTCTAACTACATTAACTATTAGTACT",NA
"1348",1348,"TTTTTTATTTATGATCTCAGACAGAATTTTTGAGCTTTGAG",NA
"1349",1349,"GTCCATTTACCGGTTGATAAACTATTGAACATTTCCAGTTT",NA
"1350",1350,"GTTGGCCAAGCTGTTCTCGAACTCCTGACCTCAGGTGATCC",NA
"1351",1351,"GGATTAGCATTCTGGCTTTAACAATGTACTGCTAACATAAA",NA
"1352",1352,"CTCATTTTTAAACTGTGCTAACTGTCGTCTGAGATGACTAA",NA
"1353",1353,"GTCACCAGAGTATTTATTAGACTGTGGCATGACTTTTCTCA",NA
"1354",1354,"AACTATTACAAGGACAGAAAACCATTCACTGCATGTTCTCA",NA
"1355",1355,"CAGACCCCATTATATCATTAACCAAGCAAAATCCCCACTGC",NA
"1356",1356,"ACCAGAACTTGGGGTAGAAGACTAATGTTTAGTGAAGTATC",NA
"1357",1357,"TGGGTTTTTACCATTTCTTGACTTTGGAAAGGTCTGAAACC",NA
"1358",1358,"CAAATGCACTGAACATTCAGACAGCCTTGGAACAGTGCCTT",NA
"1359",1359,"AGTATTTCCTTTATAATAAAACTGTGACAGTAAACATAGTG",NA
"1360",1360,"CATCCATGTCCCTGCAAAGGACATGAACTCATCCATTTTTA",NA
"1361",1361,"AAGAAATATTCTTAAATTGAACTCATAAATAGTTAATAGCT",NA
"1362",1362,"AGCCTGGCCAACATAGTGAAACCCCATGTCTACTAAAAATA",NA
"1363",1363,"CAGAGGGGCACATGCTAGAGACATAGCAGACTGGACGCTGG",NA
"1364",1364,"AAGGCGGCTGGGTGGAGGGAACAGAGTGTGAGTAGAAAGGG",NA
"1365",1365,"GAAGGCTGCATGTGTGTGTGACACGATAGGTAAGAATTAGC",NA
"1366",1366,"ATTAAGTGTGCAATAGCAGGACATTTAAAAAACAATGTGCA",NA
"1367",1367,"TGGTGGAAGGAACAGCACTGACTTTTGCATAATTGTAGGCT",NA
"1368",1368,"CAGCCTGACGACAGAGTGAGACTCCATCTCAAAAAAAAAAA",NA
"1369",1369,"TTTATAGTGTTTGCCCCAAAACTTTCATTGGATGTATGCAA",NA
"1370",1370,"CTTGAGGTCAGGAGTTTGAGACCAGCCTGGCCAACATGATG",NA
"1371",1371,"GTAAGTTCTTCAAGGTTGGGACCCTTTCCACCTGGGAAAGT",NA
"1372",1372,"TAACCTTACCAATAACATAAACAGTTGATTAAAACATATTT",NA
"1373",1373,"GAAGGTTACAGCCCAGAATGACTCTCAACTTATGAGTGGAT",NA
"1374",1374,"CATGGCTGTGCGCCAATAAAACTTTATTTACAAGAAAGAAA",NA
"1375",1375,"GGACGCCTGAGAGTGGTCAAACCTCTTTCAATCCATCTACT",NA
"1376",1376,"CTCAGTGTTGTGAAGTTGTAACTTCTCCCCAGAAGAAGCTA",NA
"1377",1377,"CATTTTCACTAAAAGTGGGAACAGAAAATGGAGGCCTGTTT",NA
"1378",1378,"CCGCAGACAAAACCTCTCAGACACCAAGTTGTAGAAGGAAA",NA
"1379",1379,"AGAGGCGAGCATGTCCATAAACCCAGAAGTGAGAATGAGTG",NA
"1380",1380,"TAGGTTTTTAAAAATTAATAACTTTTAGTAATTACTTTTAT",NA
"1381",1381,"GAAGCTCCACTGGGGCCTGGACCTGGAGAAGGGACATCAAC",NA
"1382",1382,"CGCCCAGGGAATTAAGGAAAACCACGTTGAGGGTCCCGGCC",NA
"1383",1383,"CTGATAAAGACATACCCAAGACCGGACAAATTCCAAAGGAA",NA
"1384",1384,"TTTACATTTTAAATCTCTAAACTCTAAAAATTCATATACAT",NA
"1385",1385,"TTATTTTGCACACAGTTCTAACATGTTTGGGCACATGGTTT",NA
"1386",1386,"GTTGACCAGGCTGGTCTTGGACTGGCCTCAAATGATTCTCC",NA
"1387",1387,"TTCCATGTGCCACTTTAGAAACTAGGATTATTGGGTAGGAT",NA
"1388",1388,"CTTAGGACATTGTAAATATGACTTATTATTTTAAAATAATG",NA
"1389",1389,"GGGCCCAGCAGCCACTGTGGACCTGGGGCGTTCTGGGGCTG",NA
"1390",1390,"ACAGAAAAGCTAAAAAGTAGACAGCATTTCATCACACTCAG",NA
"1391",1391,"CAGTGAATTTCAAAGATAAGACCAGTAATTTTTAGGAAGGA",NA
"1392",1392,"TAAAACCCAAAACTATAAAAACTCTGGAAGACAACCTAGGT",NA
"1393",1393,"TAAGACTTTGTCTTTAACAAACAATTTTTTGATCAGGTGTG",NA
"1394",1394,"GAGGTTGTGGAGAAAAGGGAACACATACACTGTTGGTGGGA",NA
"1395",1395,"ACCGTGCCCAGCCTTATTTAACTTTTTTGTTGCATGTATAT",NA
"1396",1396,"AATAGAGTCATTTCACTTTGACCTTCCTCATTAATTTCTAA",NA
"1397",1397,"CGTGTTTATGTGTTGAGGGGACTATTCCTAGTTTATGAGGT",NA
"1398",1398,"AAATATTTTCAAATCAGTTGACCAAATTATGAGTTCAGAAA",NA
"1399",1399,"TGTCCCTACAAAGGACATGAACTCATCATTTTTTATGGCTG",NA
"1400",1400,"CACAGTAGTGCAATAAGAAAACAAGTAGGTGTGTAATGAGT",NA
"1401",1401,"TACCTTTTGACTCCCCCAAAACAACCACTGGCTGGTACAAT",NA
"1402",1402,"GAAATTGACTTTCTATGTTAACTGTAGTTTAATATTCACTT",NA
"1403",1403,"GACATGAGTAATCATTTTGAACAAAAGTTTATTAGAGTTTT",NA
"1404",1404,"AGGCAAATGGGTGGGGATAGACAGGAGATGGGCAGAGGTAG",NA
"1405",1405,"ACGATAGAAGGCAAACTAGGACCATTATAAGGCTGTTTTTT",NA
"1406",1406,"AACTTTTTTTTTTTTTTGAGACAGTCTCTCTGTCCCCCAGG",NA
"1407",1407,"CTCCACGGATGTTGTATATGACCTGAATAGATGTAATTCTG",NA
"1408",1408,"TAGGTAAATCTGTGGCAGGAACAGGTAAATTAGCAAAGCCA",NA
"1409",1409,"CAATGTTGATAACCACAAGAACTTAAACCCTACAGTTTTGC",NA
"1410",1410,"TTTCAAATGCTTTTTTAAAAACCATTTATCCTGACTCAATT",NA
"1411",1411,"AATGGCAGAGCTTGGGCTGAACTTCAGTAGACTGGCTTCAG",NA
"1412",1412,"TTTATTATTTATTTATTGAGACAGGGTCTCACTCTGTCACC",NA
"1413",1413,"TTTTTTAAACATCTAAGCAAACACTTAAGCAACATCTTAAC",NA
"1414",1414,"GAGGCGCAAGAATTGCTTGAACCCAGGAGGCGGAGGTTGTG",NA
"1415",1415,"TAATTATTTCTAGATGCAAAACTAGTGAGTTTACCATGTTC",NA
"1416",1416,"TCTGCACTCTGGCCTGGGTGACAGAGCGACACTCCATCTCA",NA
"1417",1417,"ACTGCATTTTAAGCATAAGAACAATTAGTTTTCAATGAGAA",NA
"1418",1418,"TTTGGATGAGGTCTGGTAAGACTGAGACTTTTTAAATTTTG",NA
"1419",1419,"AATCGGAAATGACCAAAGGGACATTACCATCAACCCCACAG",NA
"1420",1420,"TCTGAGCAGTGTGGGGGAAGACCAGGGCTCTGGGCACGGCA",NA
"1421",1421,"ATCAGTAAAGGAAGTGAAAGACAGGATTGCATTTAATAGAT",NA
"1422",1422,"TGTAAGTTTCTCTTTTAAAAACTAAGCGGTCGAGCATGGTG",NA
